TEAM,W/L,MIN,PTS,FGM,FGA,FG%,3PM,3PA,3P%,FTM,FTA,FT%,OREB,DREB,REB,AST,STL,BLK,TOV,PF
MIN,W,265,112,42,89,47.2,9,23,39.1,19,25,76,8,32,40,24,10,2,8,19
LAL,W,240,115,42,88,47.7,17,39,43.6,14,16,87.5,10,39,49,25,8,6,17,23
NYK,W,239,110,43,85,50.6,12,27,44.4,12,13,92.3,8,31,39,30,10,3,15,22
DET,W,240,119,47,89,52.8,15,35,42.9,10,10,100,7,40,47,27,12,4,11,21
BOS,W,240,110,46,102,45.1,6,24,25,12,15,80,20,42,62,22,6,6,13,14
NOP,W,239,122,52,88,59.1,5,19,26.3,13,19,68.4,11,40,51,30,11,5,19,20
OKC,W,241,137,47,85,55.3,20,43,46.5,23,32,71.9,8,37,45,32,8,3,14,23
PHI,W,240,130,52,105,49.5,15,36,41.7,11,15,73.3,17,40,57,35,15,7,12,17
SAC,W,240,96,38,80,47.5,7,26,26.9,13,20,65,6,42,48,22,6,3,11,14
MIA,W,265,116,46,106,43.4,11,26,42.3,13,20,65,19,37,56,26,8,7,9,18
POR,W,240,102,41,89,46.1,9,24,37.5,11,16,68.8,7,39,46,19,9,9,10,22
ORL,W,239,101,33,77,42.9,13,32,40.6,22,27,81.5,6,36,42,20,6,7,16,27
UTA,W,240,119,48,90,53.3,13,35,37.1,10,13,76.9,12,42,54,25,10,6,15,20
CHA,W,240,119,46,99,46.5,18,42,42.9,9,12,75,13,42,55,27,5,7,6,8
PHI,W,238,121,43,87,49.4,17,37,45.9,18,30,60,11,43,54,29,7,8,18,22
PHX,W,240,124,48,76,63.2,13,26,50,15,21,71.4,5,41,46,35,5,6,14,16
WAS,W,240,113,41,83,49.4,15,30,50,16,20,80,10,41,51,32,8,3,20,24
HOU,W,239,105,37,88,42,16,47,34,15,16,93.8,8,41,49,19,9,5,18,19
TOR,W,239,108,46,87,52.9,12,39,30.8,4,4,100,8,40,48,27,3,5,9,17
CLE,W,240,123,40,85,47.1,19,45,42.2,24,28,85.7,7,35,42,29,9,2,10,15
SAS,W,241,98,34,82,41.5,6,27,22.2,24,29,82.8,11,34,45,18,6,6,8,14
DEN,W,239,88,31,83,37.3,6,26,23.1,20,26,76.9,10,42,52,22,7,5,12,18
NOP,W,241,113,44,95,46.3,11,30,36.7,14,20,70,9,41,50,34,13,10,7,18
OKC,W,241,115,35,81,43.2,14,35,40,31,38,81.6,7,36,43,21,9,4,9,15
BKN,W,241,114,41,82,50,18,42,42.9,14,15,93.3,6,32,38,32,8,10,17,15
MIL,W,240,102,39,91,42.9,9,26,34.6,15,18,83.3,12,44,56,26,13,2,16,18
MIN,W,240,113,42,87,48.3,7,22,31.8,22,26,84.6,18,34,52,27,10,7,17,18
PHI,W,239,109,46,91,50.5,8,27,29.6,9,14,64.3,9,43,52,32,9,4,10,19
GSW,W,241,117,47,90,52.2,13,32,40.6,10,15,66.7,5,36,41,27,9,7,11,15
ATL,W,239,112,43,86,50,15,35,42.9,11,14,78.6,5,32,37,23,7,4,13,19
IND,W,240,123,50,93,53.8,9,25,36,14,18,77.8,7,32,39,27,11,1,14,22
MEM,W,240,130,48,83,57.8,16,33,48.5,18,24,75,8,35,43,36,11,4,12,18
UTA,W,239,112,42,83,50.6,13,36,36.1,15,22,68.2,7,38,45,35,8,4,18,24
TOR,W,239,112,39,78,50,17,40,42.5,17,24,70.8,6,41,47,28,8,5,17,21
DEN,W,241,134,53,85,62.4,12,29,41.4,16,23,69.6,7,26,33,36,4,6,7,26
BKN,W,239,124,46,92,50,24,55,43.6,8,11,72.7,5,41,46,36,11,10,13,18
NOP,W,240,126,49,87,56.3,11,27,40.7,17,22,77.3,4,30,34,39,15,6,8,16
SAS,W,240,116,47,84,56,7,21,33.3,15,21,71.4,4,32,36,21,12,3,7,12
OKC,W,241,108,36,91,39.6,10,33,30.3,26,33,78.8,15,27,42,21,11,5,12,20
MIL,W,240,115,45,93,48.4,10,25,40,15,17,88.2,12,36,48,30,6,10,10,13
ATL,W,239,103,38,79,48.1,11,33,33.3,16,23,69.6,7,43,50,24,5,5,18,22
NOP,W,241,122,45,99,45.5,16,38,42.1,16,20,80,13,42,55,29,9,7,15,22
PHI,W,239,132,50,101,49.5,14,39,35.9,18,21,85.7,11,33,44,35,11,7,12,23
BOS,W,241,111,45,81,55.6,14,34,41.2,7,17,41.2,6,40,46,35,9,6,18,15
NYK,W,239,122,45,89,50.6,18,37,48.6,14,21,66.7,9,42,51,33,7,5,12,23
TOR,W,240,92,36,84,42.9,9,30,30,11,16,68.8,9,43,52,27,9,8,19,17
MIN,W,239,113,43,100,43,8,26,30.8,19,26,73.1,18,30,48,25,14,8,5,24
DET,W,265,113,46,92,50,12,30,40,9,17,52.9,6,43,49,24,6,4,11,19
CHA,W,239,137,48,86,55.8,17,31,54.8,24,26,92.3,9,41,50,32,4,5,9,15
SAC,W,241,94,40,85,47.1,6,24,25,8,12,66.7,10,32,42,23,8,5,15,21
UTA,W,241,117,44,83,53,10,27,37,19,28,67.9,10,28,38,27,7,8,9,22
IND,W,239,126,50,93,53.8,15,29,51.7,11,15,73.3,13,34,47,32,11,3,12,24
CLE,W,240,119,42,77,54.5,13,27,48.1,22,28,78.6,5,30,35,26,10,3,16,14
BKN,W,240,119,41,75,54.7,19,39,48.7,18,21,85.7,4,37,41,30,3,12,17,21
DEN,W,240,100,35,89,39.3,11,36,30.6,19,22,86.4,13,34,47,21,3,7,10,17
HOU,W,239,96,34,73,46.6,13,37,35.1,15,24,62.5,6,32,38,16,10,5,15,16
ORL,W,241,105,39,86,45.3,8,29,27.6,19,27,70.4,12,35,47,27,4,10,13,15
NOP,W,238,123,45,86,52.3,16,36,44.4,17,19,89.5,11,37,48,32,14,7,16,19
MIA,W,240,115,42,94,44.7,17,38,44.7,14,17,82.4,10,44,54,23,9,10,11,17
PHI,W,240,115,44,89,49.4,13,30,43.3,14,19,73.7,7,37,44,32,11,3,13,17
LAL,W,265,122,47,86,54.7,13,24,54.2,15,18,83.3,4,40,44,32,4,3,13,22
TOR,W,240,96,40,92,43.5,10,33,30.3,6,8,75,12,36,48,23,10,6,10,25
MIL,W,241,106,43,79,54.4,5,20,25,15,21,71.4,9,32,41,27,6,5,15,23
LAC,W,240,113,37,82,45.1,5,16,31.3,34,43,79.1,12,35,47,21,8,2,14,23
CLE,W,238,112,38,77,49.4,13,30,43.3,23,26,88.5,2,40,42,18,8,6,12,17
UTA,W,240,117,43,89,48.3,14,33,42.4,17,27,63,14,33,47,29,10,5,14,22
GSW,W,240,111,41,83,49.4,8,29,27.6,21,24,87.5,6,34,40,27,9,5,13,25
DAL,W,241,115,42,92,45.7,17,44,38.6,14,20,70,8,35,43,27,8,5,7,16
MIA,W,242,101,41,91,45.1,8,33,24.2,11,13,84.6,11,35,46,22,10,8,14,16
PHI,W,238,121,50,91,54.9,9,21,42.9,12,18,66.7,7,48,55,28,10,10,10,22
DEN,W,240,107,41,89,46.1,10,32,31.3,15,20,75,13,36,49,31,10,8,16,19
ORL,W,241,97,37,88,42,11,36,30.6,12,18,66.7,11,42,53,28,7,5,11,12
HOU,W,240,120,43,84,51.2,16,46,34.8,18,27,66.7,10,36,46,26,13,3,9,14
PHX,W,239,97,35,77,45.5,6,17,35.3,21,33,63.6,6,46,52,18,6,5,14,22
CHI,W,240,120,46,99,46.5,15,34,44.1,13,18,72.2,11,33,44,26,9,4,7,20
DEN,W,265,128,40,90,44.4,11,36,30.6,37,46,80.4,17,40,57,27,2,8,17,23
CHI,W,241,113,43,82,52.4,18,34,52.9,9,13,69.2,6,34,40,30,7,1,17,17
PHI,W,239,119,48,94,51.1,14,32,43.8,9,10,90,7,37,44,36,15,5,14,24
ATL,W,241,94,41,85,48.2,11,36,30.6,1,1,100,5,47,52,33,0,3,14,15
SAS,W,240,100,40,81,49.4,6,17,35.3,14,21,66.7,8,40,48,19,8,8,8,19
CLE,W,240,98,35,85,41.2,11,26,42.3,17,23,73.9,10,40,50,21,7,1,11,12
SAC,W,240,84,35,92,38,7,24,29.2,7,14,50,13,34,47,17,9,5,10,20
GSW,W,239,117,48,89,53.9,13,28,46.4,8,9,88.9,7,38,45,31,10,7,14,14
POR,W,240,113,39,84,46.4,12,38,31.6,23,25,92,8,35,43,28,9,2,13,15
IND,W,239,111,42,86,48.8,11,28,39.3,16,21,76.2,15,25,40,23,8,4,10,12
OKC,W,241,109,41,95,43.2,9,31,29,18,25,72,14,37,51,24,13,4,18,22
UTA,W,240,121,46,76,60.5,11,28,39.3,18,25,72,6,39,45,29,8,7,16,19
DET,W,240,108,38,84,45.2,7,19,36.8,25,32,78.1,10,43,53,17,9,3,9,16
WAS,W,242,107,40,88,45.5,18,39,46.2,9,12,75,11,33,44,30,11,4,12,23
DET,W,239,115,44,85,51.8,10,24,41.7,17,22,77.3,10,33,43,24,8,5,9,15
BOS,W,240,110,40,88,45.5,7,17,41.2,23,27,85.2,8,33,41,19,6,3,5,23
BKN,W,265,110,39,91,42.9,10,35,28.6,22,28,78.6,7,40,47,28,11,5,15,24
GSW,W,242,112,41,83,49.4,9,26,34.6,21,28,75,6,36,42,28,9,6,10,18
CHI,W,239,90,30,84,35.7,14,41,34.1,16,23,69.6,11,42,53,16,11,7,16,17
PHI,W,241,101,42,95,44.2,8,38,21.1,9,13,69.2,9,44,53,34,10,6,15,18
MIN,W,240,93,35,83,42.2,8,25,32,15,17,88.2,6,38,44,14,10,6,9,13
HOU,W,240,104,35,81,43.2,14,38,36.8,20,29,69,8,31,39,22,9,7,10,12
CLE,W,240,107,43,90,47.8,10,24,41.7,11,15,73.3,9,36,45,22,6,2,10,14
DEN,W,265,126,49,94,52.1,10,30,33.3,18,21,85.7,12,46,58,27,4,5,15,24
MIL,W,266,124,45,94,47.9,11,29,37.9,23,28,82.1,8,31,39,24,14,6,12,25
POR,W,239,105,41,95,43.2,8,30,26.7,15,16,93.8,13,37,50,30,9,10,10,25
UTA,W,240,107,40,74,54.1,12,31,38.7,15,26,57.7,7,31,38,24,7,5,15,19
DET,W,240,103,41,84,48.8,6,21,28.6,15,20,75,10,34,44,26,9,3,16,14
MIA,W,239,103,37,82,45.1,7,27,25.9,22,24,91.7,7,37,44,20,7,7,17,23
SAS,W,239,103,34,81,42,13,31,41.9,22,30,73.3,14,34,48,22,13,6,16,18
IND,W,239,106,40,80,50,8,26,30.8,18,20,90,7,27,34,23,9,4,10,17
MIL,W,240,116,48,87,55.2,11,20,55,9,10,90,7,29,36,30,16,3,15,17
LAC,W,240,111,43,80,53.8,8,17,47.1,17,25,68,11,40,51,26,7,4,21,17
CLE,W,243,118,45,93,48.4,11,28,39.3,17,20,85,11,27,38,22,9,1,6,19
PHI,W,240,118,45,98,45.9,9,31,29,19,27,70.4,14,44,58,34,9,3,12,19
BKN,W,241,111,40,87,46,12,34,35.3,19,22,86.4,11,37,48,28,6,5,8,17
BOS,W,240,97,35,79,44.3,12,21,57.1,15,20,75,11,31,42,20,11,2,16,18
LAL,W,239,103,36,77,46.8,9,33,27.3,22,32,68.8,7,42,49,25,6,5,15,16
MEM,W,240,108,41,84,48.8,13,25,52,13,23,56.5,11,35,46,23,7,2,15,24
MIN,W,240,126,48,90,53.3,13,30,43.3,17,21,81,7,30,37,33,9,1,13,20
WAS,W,241,116,46,85,54.1,10,24,41.7,14,18,77.8,10,40,50,33,5,7,16,27
DAL,W,241,103,36,80,45,14,40,35,17,25,68,4,39,43,25,7,9,10,17
TOR,W,240,114,47,92,51.1,13,34,38.2,7,9,77.8,9,28,37,33,6,16,9,18
MIA,W,240,98,37,78,47.4,9,29,31,15,20,75,9,35,44,24,10,9,14,18
LAC,W,238,105,40,86,46.5,15,28,53.6,10,18,55.6,8,33,41,23,8,4,13,23
HOU,W,240,118,41,93,44.1,18,57,31.6,18,21,85.7,9,37,46,28,15,6,10,12
POR,W,240,107,44,105,41.9,10,32,31.3,9,10,90,17,30,47,20,11,7,10,17
IND,W,242,92,39,81,48.1,6,21,28.6,8,12,66.7,8,30,38,22,10,2,10,14
BOS,W,238,102,37,87,42.5,14,29,48.3,14,14,100,10,34,44,24,10,3,12,19
MEM,W,241,101,40,84,47.6,15,31,48.4,6,9,66.7,7,28,35,25,8,4,13,23
DET,W,240,112,44,100,44,13,33,39.4,11,15,73.3,10,40,50,21,4,2,7,26
PHI,W,241,123,46,91,50.5,13,29,44.8,18,25,72,14,39,53,35,6,6,17,28
CHA,W,266,137,51,93,54.8,11,28,39.3,24,28,85.7,11,32,43,25,5,4,14,12
BOS,W,241,104,40,72,55.6,12,22,54.5,12,17,70.6,3,32,35,23,9,2,15,11
LAC,W,238,117,44,95,46.3,8,18,44.4,21,27,77.8,12,32,44,17,7,5,8,16
HOU,W,238,118,44,90,48.9,20,52,38.5,10,11,90.9,6,39,45,28,7,4,11,12
UTA,W,239,110,42,87,48.3,12,28,42.9,14,18,77.8,11,36,47,27,6,8,14,16
NYK,W,241,101,41,88,46.6,6,22,27.3,13,15,86.7,10,34,44,26,10,6,14,19
CLE,W,239,121,44,87,50.6,12,28,42.9,21,26,80.8,11,38,49,25,5,2,11,21
MIL,W,240,106,42,86,48.8,9,27,33.3,13,18,72.2,9,28,37,27,6,6,10,18
IND,W,266,113,44,90,48.9,8,23,34.8,17,21,81,10,41,51,26,12,7,17,17
POR,W,239,108,42,90,46.7,9,34,26.5,15,19,78.9,18,31,49,20,8,7,13,19
HOU,W,239,114,45,93,48.4,18,47,38.3,6,8,75,5,43,48,22,10,8,19,17
PHI,W,240,120,42,88,47.7,13,37,35.1,23,36,63.9,7,44,51,33,9,10,15,29
ORL,W,241,105,37,84,44,11,30,36.7,20,27,74.1,14,40,54,29,9,8,19,18
LAL,W,240,100,35,86,40.7,13,38,34.2,17,25,68,11,33,44,19,7,2,11,20
CHA,W,239,102,35,92,38,12,25,48,20,29,69,13,49,62,21,10,4,13,14
DET,W,240,117,43,87,49.4,16,42,38.1,15,18,83.3,12,37,49,33,6,7,13,11
SAS,W,266,124,47,92,51.1,7,17,41.2,23,27,85.2,11,38,49,21,9,7,13,25
CLE,W,238,120,47,95,49.5,8,29,27.6,18,24,75,15,39,54,23,9,4,14,14
MIL,W,241,118,43,87,49.4,15,30,50,17,19,89.5,7,29,36,27,8,7,5,20
GSW,W,242,106,42,93,45.2,12,30,40,10,11,90.9,10,36,46,28,8,6,7,17
TOR,W,239,116,41,86,47.7,14,28,50,20,29,69,5,38,43,26,5,7,10,24
IND,W,240,109,43,93,46.2,11,31,35.5,12,14,85.7,14,28,42,25,6,2,9,16
BOS,W,242,105,35,77,45.5,11,18,61.1,24,26,92.3,9,36,45,22,5,4,13,18
MIN,W,241,108,35,75,46.7,10,26,38.5,28,32,87.5,6,39,45,23,6,6,14,15
DEN,W,239,108,37,85,43.5,17,34,50,17,18,94.4,7,31,38,25,5,10,10,16
OKC,W,240,105,36,84,42.9,8,26,30.8,25,33,75.8,12,39,51,17,7,1,11,23
HOU,W,265,100,35,99,35.4,12,51,23.5,18,28,64.3,12,40,52,19,9,3,12,19
NOP,W,241,128,52,95,54.7,6,24,25,18,22,81.8,8,34,42,28,13,4,9,19
PHI,W,240,118,42,89,47.2,15,37,40.5,19,24,79.2,11,45,56,30,7,5,16,15
UTA,W,240,119,46,87,52.9,12,29,41.4,15,16,93.8,8,31,39,32,11,6,11,19
CHA,W,240,140,49,92,53.3,19,40,47.5,23,27,85.2,11,42,53,25,10,4,8,17
SAC,W,240,105,43,93,46.2,10,21,47.6,9,9,100,12,39,51,28,8,9,13,18
CLE,W,240,132,47,78,60.3,15,24,62.5,23,28,82.1,4,29,33,28,3,4,9,18
LAC,W,240,127,45,86,52.3,15,30,50,22,29,75.9,16,31,47,26,12,3,19,16
PHI,W,241,119,46,84,54.8,11,31,35.5,16,20,80,4,34,38,32,8,4,14,21
NOP,W,240,96,34,79,43,8,23,34.8,20,24,83.3,10,40,50,15,4,11,18,19
MIA,W,241,119,45,81,55.6,15,34,44.1,14,19,73.7,5,27,32,31,9,2,7,17
DEN,W,240,135,51,83,61.4,20,35,57.1,13,16,81.3,8,37,45,34,9,6,17,13
CHA,W,239,111,36,94,38.3,3,16,18.8,36,47,76.6,23,45,68,18,3,2,13,16
SAS,W,241,98,39,79,49.4,7,23,30.4,13,18,72.2,12,30,42,21,7,10,15,17
DET,W,240,115,43,97,44.3,15,36,41.7,14,16,87.5,12,38,50,22,12,14,8,16
ATL,W,241,99,38,94,40.4,9,33,27.3,14,19,73.7,11,41,52,21,7,3,13,23
TOR,W,240,93,35,77,45.5,14,36,38.9,9,17,52.9,6,39,45,19,7,8,17,10
NOP,W,238,115,48,91,52.7,10,25,40,9,15,60,9,37,46,33,5,2,9,11
HOU,W,241,115,38,79,48.1,19,36,52.8,20,29,69,7,31,38,18,3,4,9,23
BOS,W,239,100,36,87,41.4,13,36,36.1,15,16,93.8,11,41,52,22,6,5,17,24
MIN,W,241,123,45,86,52.3,10,25,40,23,24,95.8,6,34,40,23,5,6,11,21
MIA,W,289,149,56,102,54.9,20,36,55.6,17,27,63,7,39,46,36,5,11,11,26
BKN,W,239,118,36,72,50,16,40,40,30,40,75,9,32,41,27,5,9,22,22
PHI,W,240,108,42,93,45.2,18,44,40.9,6,8,75,17,43,60,30,5,6,15,22
CLE,W,241,124,43,87,49.4,15,38,39.5,23,27,85.2,12,30,42,24,4,6,13,17
DET,W,240,106,37,79,46.8,14,29,48.3,18,22,81.8,6,38,44,17,6,5,9,11
NYK,W,239,110,43,96,44.8,11,35,31.4,13,17,76.5,15,46,61,28,6,7,16,24
IND,W,239,110,43,87,49.4,6,21,28.6,18,19,94.7,9,35,44,24,9,8,6,16
SAS,W,240,89,33,82,40.2,8,23,34.8,15,21,71.4,11,37,48,21,6,5,14,20
POR,W,238,122,46,92,50,14,29,48.3,16,20,80,8,39,47,24,7,6,13,22
HOU,W,241,129,43,78,55.1,16,35,45.7,27,36,75,8,25,33,28,7,8,11,26
NOP,W,241,108,41,82,50,6,18,33.3,20,25,80,5,39,44,33,9,5,10,13
OKC,W,240,132,49,88,55.7,10,21,47.6,24,34,70.6,14,25,39,27,11,2,17,24
HOU,W,239,107,39,93,41.9,15,41,36.6,14,18,77.8,13,33,46,19,8,7,7,19
MIL,W,240,122,41,86,47.7,11,25,44,29,32,90.6,9,35,44,31,12,8,12,24
MEM,W,240,101,33,81,40.7,13,32,40.6,22,28,78.6,14,33,47,21,5,9,11,20
SAS,W,242,117,49,96,51,6,26,23.1,13,14,92.9,14,27,41,32,11,8,5,17
CLE,W,241,114,44,87,50.6,13,37,35.1,13,20,65,11,33,44,25,4,5,13,14
POR,W,241,100,38,87,43.7,8,31,25.8,16,18,88.9,9,40,49,23,8,8,11,17
GSW,W,242,124,50,95,52.6,13,31,41.9,11,14,78.6,9,34,43,29,8,9,12,21
BKN,W,240,114,43,84,51.2,14,36,38.9,14,19,73.7,10,33,43,25,4,6,10,14
WAS,W,240,109,40,74,54.1,10,20,50,19,23,82.6,6,32,38,29,9,2,14,17
NYK,W,241,124,49,100,49,12,26,46.2,14,18,77.8,12,44,56,24,7,5,8,22
UTA,W,240,103,33,74,44.6,6,24,25,31,38,81.6,8,40,48,21,8,8,15,13
OKC,W,241,121,46,94,48.9,11,32,34.4,18,22,81.8,17,29,46,30,17,10,14,20
MIA,W,240,92,36,94,38.3,10,36,27.8,10,14,71.4,12,31,43,23,14,6,11,18
SAC,W,240,98,36,83,43.4,14,31,45.2,12,17,70.6,11,36,47,25,7,4,13,16
BOS,W,240,92,31,82,37.8,9,26,34.6,21,28,75,16,39,55,16,7,6,18,17
TOR,W,265,122,43,91,47.3,10,30,33.3,26,31,83.9,12,33,45,26,5,8,13,21
PHI,W,241,120,43,95,45.3,12,27,44.4,22,26,84.6,13,29,42,30,9,3,5,21
TOR,W,239,106,35,79,44.3,12,32,37.5,24,28,85.7,18,39,57,20,4,8,20,19
UTA,W,239,116,42,97,43.3,12,36,33.3,20,32,62.5,14,39,53,29,12,8,7,20
POR,W,241,113,43,96,44.8,12,35,34.3,15,19,78.9,13,37,50,26,4,3,7,15
SAS,W,239,98,37,99,37.4,7,26,26.9,17,19,89.5,15,37,52,16,10,11,10,14
CHA,W,239,129,46,87,52.9,17,33,51.5,20,30,66.7,6,39,45,30,3,3,10,21
PHI,W,241,118,41,91,45.1,15,37,40.5,21,34,61.8,19,34,53,29,8,3,14,21
DEN,W,240,120,43,85,50.6,12,28,42.9,22,28,78.6,10,35,45,26,7,8,15,15
CHI,W,240,111,35,80,43.8,15,41,36.6,26,33,78.8,8,34,42,23,10,2,13,23
HOU,W,239,101,35,90,38.9,12,41,29.3,19,23,82.6,16,34,50,20,4,9,11,13
WAS,W,289,125,46,97,47.4,12,32,37.5,21,28,75,13,39,52,29,10,6,19,26
SAC,W,264,123,48,94,51.1,8,24,33.3,19,25,76,8,35,43,23,6,7,11,21
GSW,W,237,117,44,81,54.3,6,20,30,23,28,82.1,11,39,50,25,8,6,21,24
ORL,W,239,126,44,87,50.6,18,34,52.9,20,23,87,9,33,42,31,10,4,17,16
DAL,W,241,110,40,89,44.9,14,35,40,16,18,88.9,12,28,40,22,11,1,12,15
LAC,W,242,112,37,76,48.7,8,29,27.6,30,41,73.2,6,36,42,27,4,5,14,14
TOR,W,241,116,44,91,48.4,11,31,35.5,17,21,81,13,40,53,27,7,6,11,20
IND,W,238,101,38,95,40,5,24,20.8,20,25,80,14,31,45,20,13,2,9,23
LAL,W,240,112,40,90,44.4,15,40,37.5,17,25,68,12,40,52,20,6,3,15,23
UTA,W,240,110,42,76,55.3,13,34,38.2,13,23,56.5,11,41,52,29,10,5,22,22
MIN,W,241,116,46,87,52.9,7,21,33.3,17,19,89.5,11,26,37,23,10,7,10,21
SAS,W,240,108,40,84,47.6,9,19,47.4,19,23,82.6,11,37,48,24,10,7,12,13
OKC,W,240,119,42,89,47.2,16,35,45.7,19,25,76,9,29,38,27,9,11,7,21
NOP,W,241,119,52,104,50,9,22,40.9,6,8,75,14,36,50,33,10,7,12,16
CLE,W,239,129,43,87,49.4,17,35,48.6,26,30,86.7,5,39,44,25,12,9,19,25
OKC,W,241,106,38,84,45.2,16,36,44.4,14,18,77.8,5,38,43,21,5,6,10,15
POR,W,239,115,38,83,45.8,14,36,38.9,25,30,83.3,9,41,50,23,5,6,12,15
HOU,W,240,109,39,80,48.8,13,44,29.5,18,23,78.3,9,41,50,24,6,4,15,24
MIL,W,240,121,47,81,58,12,25,48,15,22,68.2,11,36,47,33,6,5,18,22
CHI,W,240,129,48,98,49,17,37,45.9,16,19,84.2,13,34,47,31,10,4,5,24
TOR,W,240,132,47,93,50.5,16,35,45.7,22,25,88,14,38,52,32,3,3,11,19
IND,W,242,99,39,81,48.1,12,22,54.5,9,10,90,6,33,39,26,9,7,18,20
UTA,W,240,116,40,96,41.7,12,32,37.5,24,25,96,17,38,55,24,4,3,15,20
LAL,W,241,127,48,96,50,13,34,38.2,18,20,90,14,37,51,30,9,4,13,19
DEN,W,240,130,50,89,56.2,15,37,40.5,15,21,71.4,8,43,51,38,2,4,7,17
HOU,W,240,105,39,84,46.4,17,45,37.8,10,14,71.4,6,39,45,21,5,5,11,22
MIN,W,241,109,44,95,46.3,6,20,30,15,21,71.4,13,37,50,27,7,3,9,15
PHI,W,241,120,50,95,52.6,9,26,34.6,11,18,61.1,12,36,48,33,12,7,9,19
DAL,W,240,114,37,77,48.1,10,29,34.5,30,35,85.7,9,43,52,21,8,3,10,18
CHA,W,239,122,44,87,50.6,13,32,40.6,21,27,77.8,7,34,41,24,11,5,12,18
LAC,W,239,113,41,78,52.6,7,18,38.9,24,28,85.7,8,33,41,17,9,3,15,20
MIA,W,240,129,52,88,59.1,10,28,35.7,15,21,71.4,5,37,42,27,9,5,10,25
OKC,W,241,104,39,85,45.9,10,28,35.7,16,24,66.7,11,38,49,24,8,4,15,13
LAC,W,240,116,43,89,48.3,11,28,39.3,19,30,63.3,13,39,52,25,6,3,13,16
SAC,W,241,94,36,83,43.4,9,25,36,13,15,86.7,13,37,50,24,7,3,16,21
DEN,W,240,125,42,83,50.6,15,31,48.4,26,30,86.7,7,29,36,30,10,6,12,16
WAS,W,237,116,46,96,47.9,9,26,34.6,15,20,75,10,39,49,34,10,4,12,16
UTA,W,241,95,33,74,44.6,13,32,40.6,16,22,72.7,8,40,48,26,10,8,17,17
POR,W,240,125,44,89,49.4,16,39,41,21,27,77.8,14,32,46,21,4,2,11,17
IND,W,239,112,45,91,49.5,14,28,50,8,10,80,9,40,49,21,11,3,16,16
DET,W,240,99,38,81,46.9,9,27,33.3,14,18,77.8,11,39,50,22,8,9,16,13
TOR,W,240,108,41,85,48.2,15,38,39.5,11,14,78.6,12,30,42,22,7,2,16,20
MIL,W,239,120,41,73,56.2,8,18,44.4,30,39,76.9,6,36,42,29,8,6,14,16
OKC,W,241,115,42,80,52.5,13,33,39.4,18,27,66.7,6,43,49,21,6,11,18,20
MIA,W,241,108,42,89,47.2,14,26,53.8,10,18,55.6,6,43,49,26,10,8,14,20
GSW,W,239,110,41,95,43.2,8,30,26.7,20,23,87,12,37,49,30,6,12,10,18
BOS,W,240,117,43,87,49.4,11,32,34.4,20,27,74.1,9,37,46,28,7,2,11,17
BKN,W,240,125,47,92,51.1,11,32,34.4,20,22,90.9,9,34,43,30,7,7,10,27
CHI,W,239,119,42,79,53.2,11,29,37.9,24,32,75,9,32,41,25,10,1,20,22
TOR,W,264,121,45,101,44.6,12,40,30,19,21,90.5,11,36,47,33,9,7,9,20
LAL,W,241,108,43,88,48.9,11,33,33.3,11,12,91.7,7,32,39,27,7,3,14,16
HOU,W,242,110,39,82,47.6,14,40,35,18,27,66.7,12,35,47,22,9,5,16,21
NOP,W,240,114,47,83,56.6,11,26,42.3,9,9,100,5,35,40,26,6,7,16,22
UTA,W,240,104,41,80,51.3,11,31,35.5,11,16,68.8,7,35,42,30,9,5,12,18
CLE,W,242,113,44,87,50.6,13,29,44.8,12,18,66.7,7,28,35,25,10,4,10,19
HOU,W,240,122,38,72,52.8,17,33,51.5,29,34,85.3,7,30,37,25,11,7,20,20
NOP,W,238,121,46,103,44.7,13,30,43.3,16,18,88.9,9,42,51,39,11,12,8,20
PHI,W,241,128,50,87,57.5,16,33,48.5,12,15,80,10,34,44,35,6,4,14,20
WAS,W,266,117,40,80,50,14,24,58.3,23,27,85.2,8,33,41,25,7,3,18,22
GSW,W,241,114,47,83,56.6,11,23,47.8,9,11,81.8,5,36,41,30,8,7,17,18
TOR,W,239,106,34,88,38.6,10,36,27.8,28,33,84.8,17,28,45,25,12,8,12,21
DAL,W,240,118,43,90,47.8,15,27,55.6,17,23,73.9,9,42,51,24,8,3,15,20
POR,W,240,111,35,81,43.2,20,33,60.6,21,24,87.5,15,36,51,22,4,4,19,15
UTA,W,240,94,36,73,49.3,10,31,32.3,12,18,66.7,6,42,48,23,8,7,15,22
IND,W,240,92,33,77,42.9,10,17,58.8,16,21,76.2,8,29,37,18,13,5,14,15
CLE,W,241,112,43,88,48.9,12,33,36.4,14,17,82.4,11,42,53,29,8,2,14,18
SAS,W,239,100,35,76,46.1,6,22,27.3,24,31,77.4,4,32,36,18,14,4,11,10
BOS,W,240,105,41,84,48.8,12,36,33.3,11,12,91.7,12,41,53,25,7,4,18,13
POR,W,240,108,35,83,42.2,10,23,43.5,28,38,73.7,7,43,50,19,6,5,14,25
MIA,W,241,125,47,92,51.1,12,36,33.3,19,23,82.6,16,35,51,33,12,6,10,14
ATL,W,240,113,43,94,45.7,17,33,51.5,10,12,83.3,9,40,49,23,7,5,16,18
SAC,W,240,102,39,86,45.3,13,30,43.3,11,11,100,7,31,38,21,5,5,11,18
MIL,W,240,118,47,95,49.5,10,23,43.5,14,22,63.6,16,22,38,27,15,4,13,24
LAC,W,240,123,44,84,52.4,10,27,37,25,30,83.3,7,33,40,18,12,6,10,20
NOP,W,240,126,49,91,53.8,12,26,46.2,16,21,76.2,6,41,47,27,9,4,11,21
TOR,W,242,103,35,83,42.2,12,41,29.3,21,27,77.8,9,41,50,22,5,8,15,28
IND,W,241,98,34,77,44.2,8,25,32,22,24,91.7,11,32,43,11,10,0,16,18
DEN,W,239,126,47,86,54.7,19,35,54.3,13,15,86.7,6,29,35,35,4,3,9,19
POR,W,240,108,39,88,44.3,11,33,33.3,19,23,82.6,14,33,47,20,6,8,15,21
MIA,W,240,105,37,82,45.1,12,29,41.4,19,28,67.9,15,30,45,19,11,5,13,20
UTA,W,240,98,34,82,41.5,11,32,34.4,19,29,65.5,11,41,52,20,9,7,13,19
LAL,W,240,116,40,92,43.5,15,34,44.1,21,27,77.8,10,36,46,26,10,4,15,21
HOU,W,239,123,39,87,44.8,19,49,38.8,26,30,86.7,10,30,40,24,11,5,10,21
ORL,W,241,107,36,72,50,8,25,32,27,33,81.8,5,39,44,19,4,9,14,23
PHI,W,240,110,41,81,50.6,9,24,37.5,19,25,76,7,39,46,27,4,5,11,22
UTA,W,239,116,40,78,51.3,9,29,31,27,35,77.1,11,34,45,21,7,5,18,21
IND,W,239,103,37,83,44.6,6,16,37.5,23,30,76.7,13,35,48,19,12,4,14,23
OKC,W,240,124,46,96,47.9,11,34,32.4,21,29,72.4,16,32,48,22,5,11,11,20
LAC,W,240,128,50,89,56.2,9,25,36,19,24,79.2,14,37,51,34,14,6,11,17
ORL,W,264,115,44,86,51.2,13,36,36.1,14,19,73.7,7,38,45,34,8,3,16,23
GSW,W,241,114,42,79,53.2,11,31,35.5,19,22,86.4,2,33,35,33,12,5,18,20
DEN,W,241,108,40,73,54.8,6,22,27.3,22,26,84.6,6,31,37,18,17,3,22,22
CHI,W,239,108,42,89,47.2,10,27,37,14,20,70,11,34,45,24,10,2,13,18
TOR,W,241,102,36,78,46.2,10,33,30.3,20,32,62.5,8,26,34,19,9,5,7,22
POR,W,241,108,36,92,39.1,9,30,30,27,35,77.1,12,36,48,17,9,6,8,18
LAL,W,240,131,47,79,59.5,16,29,55.2,21,26,80.8,6,30,36,29,9,5,13,17
PHI,W,240,108,40,90,44.4,10,30,33.3,18,27,66.7,14,40,54,22,4,5,9,20
SAC,W,265,116,50,97,51.5,6,14,42.9,10,12,83.3,11,33,44,23,15,6,15,13
HOU,W,240,105,36,85,42.4,13,43,30.2,20,24,83.3,10,31,41,21,11,5,10,21
PHX,W,240,110,38,83,45.8,6,21,28.6,28,38,73.7,8,39,47,19,12,6,16,28
BOS,W,241,134,54,87,62.1,12,20,60,14,15,93.3,4,43,47,31,3,4,10,20
DET,W,242,110,42,95,44.2,9,29,31,17,22,77.3,22,35,57,26,9,0,9,20
OKC,W,265,111,42,93,45.2,10,36,27.8,17,19,89.5,19,37,56,19,7,2,22,24
TOR,W,239,117,45,83,54.2,12,30,40,15,24,62.5,7,35,42,33,9,7,12,22
ATL,W,241,107,38,87,43.7,9,29,31,22,27,81.5,15,34,49,21,13,11,21,23
GSW,W,240,109,37,72,51.4,10,24,41.7,25,30,83.3,3,33,36,24,10,8,14,21
NOP,W,239,121,50,99,50.5,9,26,34.6,12,15,80,12,31,43,26,7,3,12,17
LAC,W,240,122,46,89,51.7,7,26,26.9,23,31,74.2,13,30,43,26,12,7,18,25
WAS,W,238,107,42,88,47.7,7,20,35,16,22,72.7,9,31,40,30,9,6,11,22
MIA,W,239,102,36,82,43.9,9,27,33.3,21,28,75,11,26,37,19,12,9,15,19
POR,W,241,116,44,84,52.4,15,34,44.1,13,17,76.5,10,37,47,27,10,2,17,15
CLE,W,242,129,50,97,51.5,12,24,50,17,27,63,14,41,55,24,7,1,11,24
CHA,W,241,118,44,82,53.7,15,35,42.9,15,21,71.4,6,29,35,28,11,8,14,14
GSW,W,240,125,44,85,51.8,15,31,48.4,22,26,84.6,8,35,43,31,8,5,12,13
DAL,W,242,109,40,88,45.5,14,37,37.8,15,18,83.3,7,37,44,20,9,3,10,21
MIN,W,240,118,39,76,51.3,7,16,43.8,33,36,91.7,8,35,43,22,11,4,12,14
BOS,W,240,109,39,86,45.3,12,37,32.4,19,27,70.4,9,35,44,25,5,5,8,23
LAL,W,240,123,47,90,52.2,15,33,45.5,14,19,73.7,10,49,59,28,8,6,23,23
OKC,W,239,112,42,88,47.7,11,25,44,17,20,85,14,36,50,24,6,6,20,13
TOR,W,241,123,42,80,52.5,17,38,44.7,22,23,95.7,6,41,47,31,10,7,18,18
NOP,W,240,125,43,91,47.3,8,28,28.6,31,40,77.5,9,37,46,30,7,8,14,22
BKN,W,239,104,40,90,44.4,16,42,38.1,8,8,100,7,41,48,31,4,9,15,20
HOU,W,240,96,34,79,43,9,33,27.3,19,25,76,9,31,40,15,15,2,15,21
WAS,W,240,109,43,79,54.4,12,25,48,11,12,91.7,10,38,48,35,9,6,19,28
CHA,W,239,114,42,88,47.7,16,35,45.7,14,23,60.9,13,34,47,28,9,4,18,19
SAS,W,241,110,38,86,44.2,9,19,47.4,25,32,78.1,10,34,44,22,11,9,9,12
HOU,W,239,119,39,77,50.6,15,35,42.9,26,32,81.3,11,31,42,18,7,3,18,23
NOP,W,266,123,51,107,47.7,10,30,33.3,11,14,78.6,11,39,50,22,8,7,15,24
MIA,W,240,115,41,89,46.1,12,33,36.4,21,27,77.8,14,36,50,27,15,6,10,17
UTA,W,239,97,34,85,40,9,32,28.1,20,26,76.9,9,35,44,26,6,3,11,19
BOS,W,240,121,42,93,45.2,13,33,39.4,24,28,85.7,11,34,45,21,11,5,11,15
PHI,W,240,116,42,81,51.9,9,27,33.3,23,27,85.2,9,36,45,31,5,4,14,16
MIN,W,241,122,46,94,48.9,11,35,31.4,19,26,73.1,10,41,51,25,6,4,11,15
POR,W,241,106,39,99,39.4,6,30,20,22,30,73.3,12,36,48,15,6,7,6,19
LAL,W,239,113,41,91,45.1,17,38,44.7,14,20,70,12,32,44,26,5,6,10,18
GSW,W,239,112,42,89,47.2,17,38,44.7,11,13,84.6,12,42,54,36,8,6,14,21
CLE,W,239,112,40,87,46,11,29,37.9,21,22,95.5,7,39,46,26,13,9,18,23
MIL,W,265,122,43,90,47.8,13,26,50,23,27,85.2,13,38,51,21,6,3,18,24
CHA,W,240,122,44,90,48.9,17,39,43.6,17,20,85,13,28,41,26,7,5,8,18
HOU,W,241,120,40,83,48.2,14,38,36.8,26,30,86.7,14,36,50,24,6,2,10,17
POR,W,241,100,39,87,44.8,9,24,37.5,13,14,92.9,6,35,41,14,11,5,12,20
LAC,W,240,128,45,87,51.7,14,32,43.8,24,32,75,8,43,51,23,5,8,16,26
NOP,W,265,124,48,108,44.4,8,31,25.8,20,24,83.3,13,43,56,27,9,13,15,18
DEN,W,240,122,48,97,49.5,12,32,37.5,14,19,73.7,18,34,52,33,5,3,11,27
BOS,W,241,110,41,85,48.2,17,39,43.6,11,18,61.1,10,32,42,30,8,5,11,22
IND,W,239,116,48,101,47.5,9,28,32.1,11,13,84.6,15,42,57,30,17,3,17,20
LAL,W,239,124,48,93,51.6,13,33,39.4,15,20,75,13,49,62,32,8,6,16,17
NYK,W,241,120,48,99,48.5,7,25,28,17,21,81,16,31,47,28,7,12,8,15
GSW,W,239,134,47,77,61,14,25,56,26,34,76.5,3,29,32,31,8,8,15,24
PHI,W,240,116,42,82,51.2,11,29,37.9,21,35,60,8,33,41,25,7,5,9,17
OKC,W,239,110,38,86,44.2,14,35,40,20,24,83.3,10,39,49,26,6,7,11,16
CHA,W,240,111,42,87,48.3,11,21,52.4,16,20,80,13,41,54,29,3,6,14,15
WAS,W,239,110,44,92,47.8,12,30,40,10,10,100,9,34,43,29,9,3,10,23
MIN,W,240,119,42,90,46.7,6,24,25,29,31,93.5,11,35,46,23,5,10,10,22
DEN,W,240,134,47,85,55.3,24,40,60,16,20,80,8,26,34,37,9,6,18,23
DET,W,240,104,35,83,42.2,13,33,39.4,21,25,84,10,37,47,26,3,5,16,18
HOU,W,241,100,33,83,39.8,14,49,28.6,20,22,90.9,7,41,48,19,10,5,13,14
NOP,W,239,139,53,99,53.5,14,32,43.8,19,21,90.5,12,36,48,35,13,7,11,20
UTA,W,240,107,39,92,42.4,10,34,29.4,19,22,86.4,14,40,54,22,6,3,8,17
CHA,W,241,104,38,88,43.2,13,30,43.3,15,19,78.9,8,37,45,26,14,4,12,15
PHI,W,240,104,39,92,42.4,9,35,25.7,17,25,68,23,37,60,25,6,2,17,23
LAC,W,241,129,44,88,50,11,29,37.9,30,33,90.9,7,36,43,26,5,5,7,21
WAS,W,239,118,48,88,54.5,7,22,31.8,15,19,78.9,6,39,45,31,7,9,11,16
IND,W,239,108,39,90,43.3,6,15,40,24,28,85.7,15,37,52,20,10,7,8,20
OKC,W,239,121,40,81,49.4,17,37,45.9,24,35,68.6,8,30,38,26,7,6,9,19
POR,W,240,123,45,93,48.4,12,33,36.4,21,24,87.5,13,36,49,20,9,0,13,18
TOR,W,240,122,48,92,52.2,14,38,36.8,12,15,80,5,45,50,38,5,8,7,22
SAC,W,240,114,47,87,54,12,29,41.4,8,12,66.7,5,33,38,30,6,4,9,19
MIL,W,240,97,38,88,43.2,8,25,32,13,17,76.5,14,34,48,23,6,10,10,18
CLE,W,241,120,45,88,51.1,16,36,44.4,14,22,63.6,10,31,41,24,6,3,7,28
HOU,W,241,126,41,83,49.4,22,47,46.8,22,29,75.9,9,28,37,25,1,4,6,23
TOR,W,240,115,42,90,46.7,13,35,37.1,18,23,78.3,7,33,40,24,7,3,8,19
DEN,W,240,117,46,93,49.5,10,32,31.3,15,18,83.3,11,24,35,29,10,3,11,18
CHI,W,240,105,40,88,45.5,9,32,28.1,16,21,76.2,11,35,46,25,6,3,11,13
UTA,W,240,101,35,84,41.7,11,24,45.8,20,30,66.7,9,34,43,15,7,5,9,24
LAC,W,241,114,48,85,56.5,6,16,37.5,12,14,85.7,8,35,43,19,8,6,15,14
NOP,W,242,118,44,100,44,14,34,41.2,16,16,100,10,43,53,31,6,7,11,25
PHI,W,240,108,41,75,54.7,10,19,52.6,16,24,66.7,7,30,37,27,13,6,17,22
GSW,W,243,129,52,89,58.4,11,26,42.3,14,21,66.7,7,42,49,36,8,16,11,18
ATL,W,241,118,38,78,48.7,10,29,34.5,32,37,86.5,4,31,35,27,10,3,13,26
OKC,W,240,110,34,77,44.2,16,37,43.2,26,40,65,9,29,38,21,6,3,9,23
MIN,W,240,111,37,74,50,9,24,37.5,28,32,87.5,8,29,37,29,10,5,16,17
HOU,W,239,104,34,78,43.6,13,45,28.9,23,33,69.7,2,40,42,15,9,7,9,18
TOR,W,239,123,49,87,56.3,18,37,48.6,7,10,70,6,34,40,35,7,8,12,24
UTA,W,241,115,41,88,46.6,13,26,50,20,22,90.9,16,42,58,23,8,4,13,22
CLE,W,241,121,45,84,53.6,16,30,53.3,15,20,75,5,36,41,22,7,6,11,20
IND,W,240,121,47,94,50,12,28,42.9,15,22,68.2,16,38,54,27,7,5,13,16
NOP,W,291,138,52,106,49.1,9,24,37.5,25,39,64.1,14,45,59,23,10,10,15,18
GSW,W,240,122,48,85,56.5,12,27,44.4,14,15,93.3,11,33,44,35,5,6,16,18
WAS,W,242,101,38,82,46.3,13,38,34.2,12,14,85.7,6,35,41,31,8,3,13,17
DEN,W,239,123,45,88,51.1,13,29,44.8,20,22,90.9,6,31,37,20,10,5,13,23
MIL,W,240,111,43,82,52.4,9,25,36,16,20,80,8,33,41,28,7,4,12,16
DAL,W,240,130,48,89,53.9,12,27,44.4,22,27,81.5,10,30,40,32,8,3,9,21
PHI,W,240,112,43,90,47.8,13,33,39.4,13,17,76.5,6,39,45,32,12,8,12,18
LAC,W,240,108,42,91,46.2,10,30,33.3,14,15,93.3,14,43,57,23,6,3,9,16
CHI,W,242,114,41,83,49.4,9,26,34.6,23,30,76.7,5,34,39,22,5,4,11,19
POR,W,238,118,43,88,48.9,15,35,42.9,17,18,94.4,9,36,45,18,10,4,11,21
HOU,W,240,130,43,86,50,19,41,46.3,25,34,73.5,11,37,48,26,5,7,11,16
PHI,W,239,100,39,93,41.9,14,34,41.2,8,9,88.9,8,50,58,26,10,4,15,16
CLE,W,240,123,46,86,53.5,15,35,42.9,16,24,66.7,6,37,43,31,8,4,9,17
IND,W,240,97,37,83,44.6,5,20,25,18,22,81.8,13,40,53,18,6,5,13,20
MIA,W,239,91,32,88,36.4,10,26,38.5,17,18,94.4,13,38,51,16,7,7,16,21
UTA,W,241,106,41,84,48.8,10,29,34.5,14,17,82.4,7,42,49,29,5,7,12,17
ORL,W,239,100,36,84,42.9,9,29,31,19,22,86.4,8,28,36,20,10,6,13,22
BOS,W,265,110,39,84,46.4,9,26,34.6,23,34,67.6,7,38,45,16,9,6,18,20
POR,W,266,109,41,90,45.6,9,31,29,18,22,81.8,9,48,57,18,7,7,17,19
TOR,W,241,113,43,95,45.3,16,43,37.2,11,14,78.6,9,43,52,31,11,5,8,17
GSW,W,240,121,45,88,51.1,14,29,48.3,17,20,85,18,33,51,37,6,7,16,18
LAL,W,238,106,42,96,43.8,10,31,32.3,12,13,92.3,13,38,51,28,5,7,8,19
HOU,W,240,109,38,74,51.4,12,31,38.7,21,26,80.8,4,31,35,16,8,6,9,16
CLE,W,264,140,52,88,59.1,21,41,51.2,15,23,65.2,7,34,41,33,5,1,15,21
DET,W,241,115,44,92,47.8,9,24,37.5,18,25,72,8,38,46,20,10,3,7,12
UTA,W,240,92,29,69,42,6,22,27.3,28,33,84.8,9,34,43,14,6,4,19,16
SAS,W,239,129,46,93,49.5,16,32,50,21,27,77.8,14,48,62,26,6,6,12,17
OKC,W,240,125,44,93,47.3,12,31,38.7,25,33,75.8,10,30,40,17,14,3,12,28
ORL,W,239,116,46,88,52.3,6,22,27.3,18,27,66.7,12,38,50,27,7,8,12,16
MIL,W,240,103,37,82,45.1,8,26,30.8,21,27,77.8,8,35,43,23,11,6,14,17
HOU,W,241,123,45,81,55.6,16,33,48.5,17,21,81,8,32,40,16,7,7,11,14
ATL,W,241,108,42,83,50.6,8,25,32,16,21,76.2,8,28,36,29,13,5,13,16
PHI,W,240,115,45,82,54.9,14,28,50,11,14,78.6,12,33,45,27,9,4,17,14
LAL,W,239,112,39,83,47,11,26,42.3,23,26,88.5,12,44,56,19,7,7,14,21
TOR,W,240,111,40,80,50,17,36,47.2,14,17,82.4,5,35,40,29,10,4,15,18
ORL,W,241,111,41,84,48.8,13,30,43.3,16,19,84.2,5,34,39,25,8,5,11,26
SAC,W,242,104,37,84,44,11,32,34.4,19,25,76,9,36,45,22,5,5,11,17
WAS,W,239,111,45,82,54.9,7,25,28,14,17,82.4,7,36,43,29,8,1,14,23
LAC,W,240,104,42,87,48.3,10,27,37,10,12,83.3,5,34,39,28,10,3,13,16
DEN,W,240,121,46,81,56.8,18,34,52.9,11,13,84.6,5,36,41,30,10,2,11,15
DET,W,242,111,44,88,50,15,30,50,8,12,66.7,10,41,51,36,7,4,14,14
UTA,W,240,133,52,89,58.4,14,21,66.7,15,17,88.2,9,36,45,29,6,5,13,18
TOR,W,240,101,41,89,46.1,6,35,17.1,13,15,86.7,10,34,44,21,13,7,11,20
MIL,W,239,109,42,81,51.9,8,19,42.1,17,21,81,14,40,54,19,3,7,13,16
LAL,W,240,108,42,86,48.8,13,30,43.3,11,18,61.1,8,32,40,24,6,7,19,20
CHA,W,239,115,40,96,41.7,10,38,26.3,25,29,86.2,13,30,43,24,12,6,8,17
ATL,W,239,99,35,87,40.2,15,33,45.5,14,19,73.7,13,31,44,25,6,3,16,12
BOS,W,239,97,35,85,41.2,15,36,41.7,12,17,70.6,9,42,51,24,3,6,11,16
MIN,W,241,118,48,95,50.5,10,21,47.6,12,16,75,12,38,50,21,9,3,12,13
DEN,W,240,115,39,91,42.9,12,29,41.4,25,29,86.2,16,32,48,28,7,0,15,17
LAC,W,240,113,40,88,45.5,9,25,36,24,28,85.7,10,44,54,23,4,5,13,18
UTA,W,240,120,39,69,56.5,12,23,52.2,30,36,83.3,5,32,37,26,6,5,17,19
IND,W,241,100,35,79,44.3,9,27,33.3,21,25,84,6,36,42,25,15,8,13,19
DAL,W,240,106,41,83,49.4,13,41,31.7,11,14,78.6,9,27,36,28,8,0,13,12
DET,W,240,111,44,84,52.4,9,26,34.6,14,17,82.4,13,36,49,23,7,5,17,12
WAS,W,242,115,46,85,54.1,7,26,26.9,16,18,88.9,12,26,38,35,14,6,14,19
HOU,W,238,120,44,93,47.3,19,51,37.3,13,16,81.3,6,47,53,28,6,5,8,19
PHI,W,240,103,42,85,49.4,8,24,33.3,11,15,73.3,9,30,39,28,9,4,10,23
GSW,W,241,119,44,80,55,17,33,51.5,14,16,87.5,7,44,51,25,8,4,25,19
UTA,W,240,129,51,90,56.7,15,29,51.7,12,17,70.6,9,42,51,30,7,6,11,21
LAL,W,241,102,39,92,42.4,10,26,38.5,14,20,70,18,38,56,21,5,6,15,18
NOP,W,240,114,46,90,51.1,13,24,54.2,9,13,69.2,5,36,41,30,10,2,16,20
BOS,W,241,119,45,89,50.6,11,24,45.8,18,20,90,7,35,42,26,8,3,11,23
MIL,W,239,92,33,76,43.4,7,24,29.2,19,26,73.1,4,32,36,18,10,8,11,21
TOR,W,239,130,46,99,46.5,19,40,47.5,19,21,90.5,17,25,42,21,5,4,6,23
CHA,W,241,133,44,83,53,15,33,45.5,30,34,88.2,11,32,43,27,5,2,15,21
MIN,W,240,108,42,78,53.8,7,19,36.8,17,20,85,4,35,39,27,8,7,13,15
DEN,W,241,127,50,97,51.5,15,38,39.5,12,17,70.6,9,34,43,32,3,10,11,17
DET,W,239,104,35,76,46.1,7,25,28,27,37,73,4,37,41,20,8,4,7,19
WAS,W,240,122,44,85,51.8,10,30,33.3,24,26,92.3,12,32,44,30,10,2,16,21
HOU,W,240,102,37,83,44.6,14,42,33.3,14,17,82.4,7,31,38,20,10,7,9,16
CLE,W,240,91,28,80,35,6,26,23.1,29,38,76.3,7,38,45,18,9,5,16,20
CHA,W,242,123,46,90,51.1,17,32,53.1,14,18,77.8,12,30,42,29,6,1,10,21
BKN,W,239,116,39,77,50.6,13,32,40.6,25,28,89.3,9,30,39,19,3,9,11,26
POR,W,240,124,46,82,56.1,15,32,46.9,17,20,85,5,43,48,21,3,6,17,19
IND,W,240,105,37,70,52.9,10,26,38.5,21,31,67.7,8,25,33,20,16,4,14,15
BOS,W,240,103,40,83,48.2,11,26,42.3,12,20,60,5,44,49,27,8,3,9,22
PHX,W,240,102,40,83,48.2,11,30,36.7,11,15,73.3,8,39,47,23,9,3,17,29
ORL,W,240,127,44,81,54.3,18,32,56.3,21,29,72.4,4,31,35,28,13,4,14,23
WAS,W,239,102,34,89,38.2,7,25,28,27,29,93.1,7,36,43,27,8,7,12,28
SAC,W,240,114,46,97,47.4,10,26,38.5,12,14,85.7,14,35,49,22,7,1,14,21
SAS,W,241,106,46,92,50,9,24,37.5,5,5,100,13,30,43,33,4,9,16,15
UTA,W,241,129,53,91,58.2,14,28,50,9,14,64.3,7,35,42,25,16,3,11,22
TOR,W,241,109,39,81,48.1,9,29,31,22,26,84.6,9,30,39,28,3,4,8,18
NYK,W,240,111,39,89,43.8,13,26,50,20,25,80,12,35,47,22,6,6,11,13
POR,W,241,104,36,98,36.7,13,30,43.3,19,22,86.4,18,41,59,21,12,6,12,21
HOU,W,239,114,39,77,50.6,13,35,37.1,23,28,82.1,8,32,40,17,5,5,12,15
DET,W,241,125,49,93,52.7,9,23,39.1,18,28,64.3,8,39,47,30,12,5,10,27
MIA,W,240,95,34,75,45.3,12,31,38.7,15,19,78.9,11,30,41,23,9,11,16,19
MIL,W,240,107,38,80,47.5,11,28,39.3,20,22,90.9,8,34,42,26,6,8,9,19
IND,W,241,105,45,83,54.2,6,21,28.6,9,11,81.8,6,32,38,28,7,3,12,19
ATL,W,240,105,39,79,49.4,13,34,38.2,14,16,87.5,8,36,44,27,8,8,21,18
MEM,W,241,120,47,83,56.6,11,22,50,15,18,83.3,12,26,38,29,7,9,20,27
BOS,W,240,111,43,91,47.3,17,36,47.2,8,10,80,10,30,40,28,4,6,9,19
SAS,W,240,113,45,90,50,11,25,44,12,17,70.6,13,39,52,33,4,2,7,13
TOR,W,240,123,46,92,50,12,31,38.7,19,25,76,12,41,53,23,4,4,14,23
OKC,W,242,122,45,92,48.9,10,33,30.3,22,30,73.3,17,24,41,21,7,3,10,25
HOU,W,240,113,32,72,44.4,11,37,29.7,38,49,77.6,5,38,43,17,8,2,12,21
CLE,W,241,121,42,83,50.6,15,35,42.9,22,26,84.6,4,41,45,27,2,3,10,14
MIL,W,242,110,41,77,53.2,13,28,46.4,15,25,60,7,36,43,28,11,4,14,16
LAC,W,239,112,45,96,46.9,9,28,32.1,13,18,72.2,11,39,50,29,7,4,12,19
MIA,W,239,95,38,85,44.7,8,26,30.8,11,18,61.1,11,40,51,25,4,5,12,24
OKC,W,239,121,45,93,48.4,14,33,42.4,17,23,73.9,13,30,43,23,9,2,9,20
GSW,W,240,109,38,84,45.2,10,27,37,23,26,88.5,10,33,43,19,9,9,11,17
WAS,W,240,129,49,85,57.6,18,32,56.3,13,14,92.9,7,31,38,40,7,6,12,21
MIN,W,239,111,42,96,43.8,4,21,19,23,26,88.5,16,33,49,20,9,7,5,12
IND,W,240,114,47,87,54,5,18,27.8,15,19,78.9,9,29,38,25,9,1,9,24
DEN,W,240,91,34,81,42,12,33,36.4,11,15,73.3,9,44,53,23,6,8,14,21
LAL,W,241,108,41,91,45.1,5,24,20.8,21,28,75,10,38,48,23,6,3,9,23
PHI,W,240,97,38,79,48.1,9,21,42.9,12,18,66.7,12,38,50,23,5,4,9,20
MIL,W,241,116,43,83,51.8,12,23,52.2,18,20,90,3,41,44,28,9,6,9,17
POR,W,240,107,39,79,49.4,10,30,33.3,19,23,82.6,10,44,54,20,4,6,14,17
LAC,W,241,109,39,80,48.8,10,27,37,21,29,72.4,3,33,36,23,15,6,10,20
CLE,W,240,115,46,82,56.1,13,37,35.1,10,13,76.9,8,36,44,27,13,4,20,11
NOP,W,239,115,44,82,53.7,11,27,40.7,16,21,76.2,6,36,42,36,8,5,15,26
NYK,W,240,107,41,85,48.2,9,25,36,16,22,72.7,10,39,49,25,7,10,16,20
UTA,W,240,97,36,87,41.4,10,21,47.6,15,21,71.4,10,37,47,20,7,5,13,16
CHA,W,239,121,40,88,45.5,13,34,38.2,28,32,87.5,11,32,43,25,13,8,11,25
GSW,W,240,126,48,89,53.9,21,37,56.8,9,15,60,11,36,47,37,9,8,15,17
SAC,W,241,89,38,81,46.9,5,12,41.7,8,14,57.1,5,33,38,17,3,6,13,21
DEN,W,239,130,48,80,60,14,28,50,20,24,83.3,2,30,32,36,3,2,13,20
OKC,W,240,121,45,87,51.7,9,27,33.3,22,29,75.9,13,27,40,18,16,6,14,15
PHI,W,241,115,42,81,51.9,16,32,50,15,20,75,6,42,48,31,6,7,14,20
IND,W,241,116,45,80,56.3,9,24,37.5,17,25,68,3,36,39,32,11,3,12,24
UTA,W,263,98,38,96,39.6,10,31,32.3,12,16,75,9,35,44,24,11,9,14,15
HOU,W,240,104,36,82,43.9,21,51,41.2,11,23,47.8,7,36,43,20,8,3,9,19
TOR,W,239,108,39,89,43.8,14,36,38.9,16,25,64,12,40,52,25,10,12,17,22
POR,W,241,123,45,82,54.9,17,31,54.8,16,21,76.2,6,31,37,24,4,1,10,16
BOS,W,240,113,39,93,41.9,14,40,35,21,22,95.5,10,37,47,25,10,3,13,28
NOP,W,239,101,39,87,44.8,9,26,34.6,14,18,77.8,8,34,42,26,6,10,15,19
SAS,W,240,108,38,82,46.3,10,24,41.7,22,25,88,11,34,45,29,9,6,13,19
SAC,W,240,105,43,87,49.4,8,26,30.8,11,13,84.6,11,33,44,24,9,11,14,15
LAL,W,241,108,40,91,44,7,26,26.9,21,36,58.3,14,37,51,18,6,2,10,16
OKC,W,239,109,40,94,42.6,7,25,28,22,32,68.8,16,34,50,12,7,4,4,18
SAS,W,242,114,47,94,50,8,28,28.6,12,16,75,13,32,45,23,11,4,9,19
GSW,W,239,123,46,83,55.4,13,30,43.3,18,20,90,3,33,36,40,6,3,12,16
MIL,W,241,109,38,71,53.5,5,17,29.4,28,37,75.7,8,24,32,20,14,5,17,22
NOP,W,292,132,47,113,41.6,16,44,36.4,22,26,84.6,15,40,55,32,14,3,13,28
ATL,W,241,104,40,83,48.2,12,26,46.2,12,12,100,10,34,44,24,8,5,17,24
DAL,W,240,98,38,87,43.7,10,31,32.3,12,17,70.6,9,43,52,20,9,9,11,21
DEN,W,241,104,34,83,41,10,30,33.3,26,33,78.8,14,35,49,23,7,8,15,20
MEM,W,239,105,33,78,42.3,10,26,38.5,29,35,82.9,11,21,32,14,14,2,12,26
HOU,W,240,99,36,81,44.4,15,37,40.5,12,18,66.7,8,30,38,20,10,3,14,15
MIN,W,240,126,43,91,47.3,7,22,31.8,33,39,84.6,18,29,47,20,5,4,13,22
CHA,W,241,112,38,86,44.2,16,40,40,20,25,80,11,37,48,22,4,10,15,14
LAL,W,241,127,51,91,56,10,26,38.5,15,21,71.4,12,27,39,31,10,3,6,18
IND,W,240,94,37,84,44,4,19,21.1,16,17,94.1,7,34,41,14,14,1,10,15
ORL,W,242,103,43,92,46.7,6,21,28.6,11,16,68.8,13,31,44,20,7,9,10,19
BKN,W,240,101,37,80,46.3,13,31,41.9,14,20,70,7,39,46,23,1,3,15,18
POR,W,240,117,45,86,52.3,18,36,50,9,10,90,9,31,40,19,3,3,14,23
PHI,W,240,116,45,85,52.9,10,25,40,16,19,84.2,11,34,45,32,9,4,16,18
HOU,W,241,116,41,87,47.1,14,37,37.8,20,29,69,12,34,46,19,14,3,15,18
MIN,W,239,115,38,81,46.9,7,16,43.8,32,42,76.2,15,29,44,21,4,3,11,20
CHI,W,239,113,40,80,50,14,32,43.8,19,21,90.5,4,44,48,31,8,1,16,23
OKC,W,240,148,58,100,58,14,30,46.7,18,28,64.3,16,36,52,37,9,2,13,23
MIA,W,239,106,43,87,49.4,13,28,46.4,7,12,58.3,8,39,47,28,5,6,14,17
NOP,W,240,111,39,78,50,7,27,25.9,26,32,81.3,6,35,41,23,6,5,10,15
UTA,W,239,125,45,82,54.9,11,28,39.3,24,32,75,11,45,56,21,9,3,20,29
MEM,W,241,106,39,88,44.3,10,34,29.4,18,23,78.3,14,35,49,24,12,5,13,17
TOR,W,240,86,34,85,40,9,26,34.6,9,14,64.3,9,41,50,16,8,1,13,19
BKN,W,241,101,36,76,47.4,9,32,28.1,20,26,76.9,10,34,44,20,5,8,14,18
WAS,W,240,122,41,82,50,16,35,45.7,24,27,88.9,8,26,34,28,10,4,13,20
LAL,W,240,99,44,80,55,9,28,32.1,2,14,14.3,6,41,47,26,7,6,14,17
NYK,W,240,117,44,89,49.4,11,20,55,18,23,78.3,7,29,36,23,6,6,12,26
PHX,W,241,108,40,81,49.4,14,33,42.4,14,20,70,4,33,37,28,9,6,11,21
PHI,W,241,89,34,73,46.6,6,17,35.3,15,17,88.2,8,33,41,18,10,5,22,20
HOU,W,240,116,42,88,47.7,17,39,43.6,15,17,88.2,11,34,45,24,11,5,9,15
CLE,W,241,104,38,85,44.7,10,34,29.4,18,27,66.7,14,32,46,22,8,4,20,21
POR,W,240,100,37,94,39.4,10,32,31.3,16,16,100,14,43,57,17,6,7,11,11
UTA,W,239,120,46,81,56.8,12,29,41.4,16,20,80,6,23,29,26,15,4,10,20
MIA,W,241,106,38,82,46.3,10,24,41.7,20,27,74.1,10,36,46,28,4,7,15,28
SAS,W,241,100,34,82,41.5,9,19,47.4,23,31,74.2,7,35,42,24,8,4,9,20
ATL,W,239,94,37,89,41.6,10,40,25,10,13,76.9,12,31,43,32,5,3,10,22
OKC,W,240,114,46,95,48.4,12,35,34.3,10,12,83.3,21,33,54,22,10,6,16,14
LAC,W,241,109,40,87,46,10,30,33.3,19,31,61.3,17,31,48,22,10,5,20,16
GSW,W,240,119,42,84,50,13,33,39.4,22,25,88,5,44,49,24,5,3,15,16
MEM,W,241,105,41,91,45.1,10,28,35.7,13,17,76.5,15,29,44,23,9,3,11,19
TOR,W,240,96,34,80,42.5,11,31,35.5,17,23,73.9,12,37,49,24,6,8,20,20
CHA,W,241,133,48,98,49,15,31,48.4,22,26,84.6,13,36,49,27,10,5,9,18
DEN,W,238,105,40,86,46.5,8,26,30.8,17,26,65.4,15,32,47,23,10,3,18,23
ORL,W,241,108,40,90,44.4,11,31,35.5,17,19,89.5,15,36,51,24,4,10,16,15
POR,W,239,118,46,91,50.5,17,35,48.6,9,10,90,9,34,43,21,7,6,9,16
NOP,W,266,116,45,100,45,7,27,25.9,19,25,76,13,42,55,28,11,6,15,14
MEM,W,241,123,42,82,51.2,10,22,45.5,29,34,85.3,6,42,48,24,8,8,18,26
NYK,W,240,119,42,82,51.2,9,16,56.3,26,37,70.3,8,43,51,27,5,10,9,24
OKC,W,239,95,36,86,41.9,9,30,30,14,29,48.3,18,41,59,20,10,6,18,19
LAC,W,240,113,44,79,55.7,10,25,40,15,20,75,4,37,41,30,6,10,18,17
CHA,W,240,118,43,84,51.2,10,21,47.6,22,33,66.7,9,40,49,21,9,4,15,11
CHI,W,240,119,42,88,47.7,16,39,41,19,22,86.4,7,38,45,27,6,2,9,23
ATL,W,240,102,40,86,46.5,9,25,36,13,14,92.9,11,39,50,23,8,2,15,23
MIL,W,240,104,38,81,46.9,8,16,50,20,29,69,15,29,44,21,14,6,17,25
GSW,W,240,118,41,85,48.2,12,32,37.5,24,30,80,13,35,48,33,8,6,16,23
PHI,W,241,117,40,81,49.4,6,25,24,31,38,81.6,10,38,48,22,8,9,21,28
IND,W,241,109,41,77,53.2,14,26,53.8,13,15,86.7,8,35,43,26,7,2,14,18
MIA,W,240,97,35,76,46.1,11,29,37.9,16,20,80,3,46,49,23,8,8,13,18
NOP,W,265,123,45,95,47.4,9,32,28.1,24,34,70.6,12,34,46,19,17,7,19,17
MIN,W,241,120,43,80,53.8,7,19,36.8,27,33,81.8,7,31,38,21,12,3,11,17
IND,W,240,120,48,88,54.5,11,23,47.8,13,14,92.9,8,34,42,20,9,1,6,22
LAL,W,265,107,43,95,45.3,8,26,30.8,13,18,72.2,11,48,59,24,4,0,14,31
OKC,W,239,101,39,97,40.2,8,26,30.8,15,20,75,19,38,57,17,8,9,9,22
CHI,W,239,107,42,87,48.3,17,36,47.2,6,9,66.7,6,34,40,27,10,8,14,11
SAS,W,238,112,41,79,51.9,14,27,51.9,16,18,88.9,6,37,43,23,9,3,15,17
LAC,W,240,126,46,82,56.1,12,31,38.7,22,26,84.6,5,34,39,29,11,5,15,22
GSW,W,239,127,47,81,58,9,24,37.5,24,28,85.7,3,27,30,28,4,3,6,20
WAS,W,265,119,46,93,49.5,10,23,43.5,17,23,73.9,6,41,47,31,10,3,15,19
MIN,W,240,118,49,95,51.6,10,27,37,10,16,62.5,16,27,43,33,12,4,12,12
IND,W,239,97,39,85,45.9,10,21,47.6,9,12,75,6,38,44,16,5,4,14,18
DEN,W,240,87,27,70,38.6,7,22,31.8,26,32,81.3,12,35,47,15,8,3,14,18
HOU,W,241,112,39,94,41.5,15,47,31.9,19,22,86.4,14,39,53,18,11,4,11,14
NOP,W,241,119,45,82,54.9,7,19,36.8,22,23,95.7,9,34,43,26,7,6,18,16
WAS,W,240,125,54,95,56.8,4,16,25,13,19,68.4,14,27,41,26,9,6,11,22
GSW,W,240,108,44,79,55.7,5,15,33.3,15,18,83.3,10,33,43,28,7,3,11,13
CHA,W,241,99,32,78,41,9,27,33.3,26,34,76.5,8,38,46,17,8,2,12,19
BKN,W,240,110,40,87,46,13,34,38.2,17,26,65.4,13,30,43,29,8,1,14,24
LAL,W,240,93,36,87,41.4,13,38,34.2,8,14,57.1,12,35,47,22,15,4,15,17
LAC,W,241,121,43,84,51.2,13,31,41.9,22,30,73.3,8,31,39,28,9,5,17,19
BOS,W,240,114,43,89,48.3,13,35,37.1,15,19,78.9,11,35,46,24,11,2,18,18
TOR,W,242,133,53,106,50,18,42,42.9,9,13,69.2,18,45,63,31,3,7,9,25
DET,W,240,114,48,93,51.6,10,21,47.6,8,12,66.7,11,43,54,24,10,4,13,14
MIA,W,240,114,43,81,53.1,13,30,43.3,15,21,71.4,6,31,37,25,6,6,15,25
MIN,W,241,104,39,80,48.8,7,20,35,19,27,70.4,11,34,45,22,11,5,14,22
DAL,W,240,115,39,83,47,15,36,41.7,22,28,78.6,3,36,39,23,7,7,8,22
UTA,W,240,107,43,92,46.7,11,33,33.3,10,13,76.9,11,28,39,23,15,3,12,17
HOU,W,240,121,45,100,45,12,38,31.6,19,25,76,17,32,49,25,7,5,13,30
MIL,W,241,110,45,82,54.9,4,19,21.1,16,25,64,11,36,47,20,4,9,14,21
ATL,W,239,110,40,80,50,12,27,44.4,18,18,100,6,38,44,25,6,4,16,23
CHI,W,289,122,45,98,45.9,15,33,45.5,17,20,85,10,38,48,21,10,5,16,19
MEM,W,241,105,37,88,42,5,19,26.3,26,32,81.3,14,36,50,21,7,5,9,26
LAC,W,240,125,46,94,48.9,11,24,45.8,22,28,78.6,11,35,46,24,9,3,14,19
MIA,W,239,90,39,97,40.2,4,22,18.2,8,10,80,20,44,64,18,2,14,13,19
LAL,W,239,99,37,77,48.1,12,35,34.3,13,21,61.9,9,46,55,30,12,4,25,23
POR,W,240,117,43,81,53.1,10,23,43.5,21,26,80.8,8,34,42,19,10,2,15,20
DAL,W,241,114,43,83,51.8,9,26,34.6,19,22,86.4,5,33,38,27,6,2,4,22
LAC,W,240,108,38,85,44.7,9,18,50,23,34,67.6,14,33,47,16,10,9,16,25
NOP,W,241,112,46,82,56.1,6,22,27.3,14,21,66.7,9,32,41,31,7,9,16,18
SAS,W,239,107,44,90,48.9,11,26,42.3,8,13,61.5,8,29,37,23,11,4,10,12
IND,W,241,109,44,79,55.7,7,22,31.8,14,20,70,8,32,40,30,9,5,16,23
TOR,W,265,114,43,101,42.6,10,34,29.4,18,23,78.3,8,43,51,19,7,12,15,27
MIN,W,239,127,52,100,52,10,31,32.3,13,17,76.5,15,41,56,30,6,2,5,17
HOU,W,240,116,39,86,45.3,20,54,37,18,24,75,11,40,51,28,6,6,16,14
GSW,W,239,124,48,85,56.5,13,30,43.3,15,21,71.4,10,33,43,33,7,10,16,15
MIA,W,240,103,40,83,48.2,9,29,31,14,20,70,8,29,37,21,6,6,8,16
LAL,W,240,132,48,86,55.8,16,36,44.4,20,25,80,6,43,49,32,13,6,18,25
POR,W,240,111,48,92,52.2,8,23,34.8,7,10,70,9,29,38,19,7,5,9,24
NYK,W,239,100,38,83,45.8,6,16,37.5,18,20,90,10,49,59,22,4,6,16,23
PHX,W,241,114,39,88,44.3,17,39,43.6,19,23,82.6,12,31,43,24,6,6,7,19
MIL,W,240,110,39,80,48.8,7,22,31.8,25,30,83.3,10,35,45,20,11,6,15,26
GSW,W,242,121,39,94,41.5,13,39,33.3,30,37,81.1,14,40,54,31,13,10,16,25
MIN,W,241,116,44,90,48.9,9,18,50,19,21,90.5,13,34,47,26,10,5,9,20
BOS,W,239,87,37,98,37.8,5,18,27.8,8,15,53.3,12,32,44,12,8,13,4,17
SAC,W,239,106,42,94,44.7,9,25,36,13,17,76.5,10,29,39,21,16,4,9,22
CLE,W,239,131,47,94,50,15,34,44.1,22,31,71,14,31,45,25,11,2,17,26
IND,W,240,125,48,86,55.8,15,31,48.4,14,18,77.8,10,39,49,24,9,4,12,19
DET,W,240,108,38,75,50.7,12,25,48,20,27,74.1,5,30,35,21,8,4,11,15
CHI,W,241,127,44,78,56.4,14,28,50,25,31,80.6,8,34,42,25,9,3,18,19
MIA,W,264,107,38,94,40.4,12,42,28.6,19,20,95,15,29,44,24,10,5,14,19
PHI,W,239,114,44,90,48.9,14,30,46.7,12,13,92.3,13,42,55,29,5,4,12,17
POR,W,240,110,43,80,53.8,13,30,43.3,11,14,78.6,6,38,44,30,11,5,15,20
WAS,W,240,102,33,84,39.3,10,27,37,26,34,76.5,12,36,48,21,7,7,13,23
DEN,W,240,99,38,86,44.2,14,35,40,9,15,60,4,33,37,24,9,1,10,11
SAS,W,239,103,41,87,47.1,11,30,36.7,10,18,55.6,7,37,44,21,15,6,15,16
TOR,W,241,129,48,86,55.8,10,33,30.3,23,28,82.1,12,31,43,25,9,5,11,22
CHA,W,241,108,42,99,42.4,12,33,36.4,12,16,75,16,40,56,26,10,3,14,17
BOS,W,242,91,38,94,40.4,6,36,16.7,9,13,69.2,17,39,56,24,6,4,10,22
OKC,W,240,127,51,95,53.7,15,34,44.1,10,14,71.4,11,35,46,23,4,6,13,23
GSW,W,241,124,48,87,55.2,13,30,43.3,15,20,75,6,39,45,35,6,6,12,18
OKC,W,240,133,56,93,60.2,14,30,46.7,7,9,77.8,7,37,44,36,12,5,9,17
HOU,W,240,116,42,89,47.2,15,34,44.1,17,21,81,9,42,51,25,6,3,15,19
PHI,W,240,112,36,80,45,7,22,31.8,33,43,76.7,13,32,45,23,10,5,13,21
NOP,W,240,108,41,82,50,14,30,46.7,12,12,100,7,35,42,23,8,2,20,18
BKN,W,241,98,37,72,51.4,14,30,46.7,10,11,90.9,4,34,38,22,3,3,19,23
TOR,W,240,124,45,92,48.9,15,38,39.5,19,19,100,7,42,49,23,9,5,11,20
MIA,W,241,111,43,84,51.2,17,34,50,8,11,72.7,7,34,41,29,6,3,12,16
BOS,W,242,102,41,92,44.6,12,36,33.3,8,11,72.7,9,43,52,27,9,2,15,20
GSW,W,240,125,48,91,52.7,13,32,40.6,16,19,84.2,7,39,46,36,8,7,14,21
MIL,W,241,122,44,75,58.7,9,17,52.9,25,28,89.3,6,28,34,33,8,5,16,23
WAS,W,240,121,48,81,59.3,9,23,39.1,16,26,61.5,6,36,42,27,9,5,12,21
DEN,W,240,134,51,82,62.2,12,27,44.4,20,22,90.9,8,40,48,35,8,9,20,16
CHA,W,240,131,51,89,57.3,15,32,46.9,14,18,77.8,5,25,30,25,7,3,3,14
LAC,W,241,113,39,71,54.9,9,23,39.1,26,31,83.9,4,30,34,23,5,3,19,24
CLE,W,241,127,43,83,51.8,13,32,40.6,28,37,75.7,8,32,40,28,11,4,10,17
SAS,W,241,100,31,82,37.8,10,27,37,28,34,82.4,14,36,50,18,11,5,8,17
PHX,W,240,104,39,77,50.6,7,22,31.8,19,26,73.1,11,36,47,24,7,4,21,22
TOR,W,264,131,45,91,49.5,14,33,42.4,27,33,81.8,6,34,40,25,8,8,12,20
POR,W,266,124,47,108,43.5,14,33,42.4,16,18,88.9,12,38,50,25,7,5,8,16
BKN,W,240,98,36,82,43.9,9,25,36,17,23,73.9,10,42,52,17,7,10,13,22
MIN,W,239,114,40,81,49.4,7,20,35,27,30,90,7,34,41,26,14,5,17,24
BOS,W,241,108,39,79,49.4,14,33,42.4,16,25,64,8,42,50,21,7,8,17,22
DAL,W,240,116,46,89,51.7,15,34,44.1,9,14,64.3,8,28,36,26,5,5,7,18
PHI,W,240,123,43,77,55.8,10,24,41.7,27,34,79.4,11,33,44,24,11,7,21,32
HOU,W,290,148,49,106,46.2,18,52,34.6,32,39,82.1,15,28,43,29,7,9,11,33
WAS,W,240,114,43,93,46.2,16,36,44.4,12,17,70.6,12,35,47,27,6,8,10,24
LAC,W,241,106,36,76,47.4,10,28,35.7,24,27,88.9,6,36,42,24,9,5,16,21
MIN,W,241,107,41,86,47.7,4,19,21.1,21,25,84,13,31,44,20,11,8,7,20
MEM,W,240,114,41,76,53.9,14,30,46.7,18,24,75,6,38,44,22,11,8,16,21
UTA,W,240,104,38,82,46.3,10,31,32.3,18,21,85.7,5,38,43,24,12,4,11,24
PHI,W,240,107,45,93,48.4,8,24,33.3,9,10,90,7,34,41,34,6,3,13,25
MIA,W,241,117,45,88,51.1,12,24,50,15,18,83.3,11,29,40,24,6,2,8,17
ATL,W,241,104,40,89,44.9,14,30,46.7,10,15,66.7,13,32,45,29,12,3,13,16
NYK,W,241,105,41,94,43.6,5,19,26.3,18,21,85.7,9,42,51,24,6,7,6,24
DET,W,238,93,36,81,44.4,8,24,33.3,13,16,81.3,6,39,45,22,10,1,11,11
GSW,W,240,141,50,85,58.8,18,33,54.5,23,25,92,7,31,38,37,3,6,10,17
MIL,W,239,97,40,85,47.1,9,29,31,8,17,47.1,12,31,43,26,9,7,9,23
PHX,W,240,111,41,85,48.2,13,30,43.3,16,24,66.7,16,31,47,26,5,5,10,19
WAS,W,241,121,47,88,53.4,18,36,50,9,12,75,10,35,45,23,12,5,16,15
LAC,W,240,121,42,86,48.8,9,32,28.1,28,34,82.4,15,34,49,23,7,6,13,21
DAL,W,241,128,46,83,55.4,22,39,56.4,14,18,77.8,5,38,43,27,5,4,15,23
CHA,W,240,111,41,89,46.1,6,20,30,23,34,67.6,13,34,47,27,12,6,10,10
TOR,W,240,111,46,105,43.8,13,37,35.1,6,8,75,19,32,51,22,9,15,11,22
BKN,W,240,111,39,79,49.4,11,26,42.3,22,25,88,8,46,54,25,8,4,18,23
CHI,W,240,119,43,85,50.6,18,39,46.2,15,15,100,7,33,40,31,6,4,15,20
SAS,W,240,119,41,80,51.3,9,20,45,28,39,71.8,10,33,43,28,2,4,9,18
MIL,W,239,102,41,75,54.7,5,15,33.3,15,16,93.8,7,29,36,23,10,0,16,18
ORL,W,240,102,37,82,45.1,11,26,42.3,17,17,100,9,39,48,22,10,3,18,17
BOS,W,239,99,37,82,45.1,8,29,27.6,17,24,70.8,10,34,44,18,9,8,16,22
POR,W,240,114,35,75,46.7,8,24,33.3,36,47,76.6,8,39,47,15,7,3,15,18
CHI,W,240,92,35,86,40.7,10,28,35.7,12,16,75,4,46,50,23,9,3,15,15
DAL,W,240,98,40,78,51.3,8,29,27.6,10,15,66.7,4,31,35,26,7,3,9,12
ATL,W,241,113,41,94,43.6,11,37,29.7,20,29,69,16,37,53,28,7,7,11,21
MIN,W,264,128,47,90,52.2,12,29,41.4,22,30,73.3,7,35,42,27,4,7,6,26
BOS,W,240,102,37,78,47.4,15,34,44.1,13,13,100,6,37,43,20,4,7,15,20
MEM,W,240,109,35,71,49.3,5,21,23.8,34,39,87.2,5,32,37,20,3,9,10,20
NOP,W,239,128,48,90,53.3,17,33,51.5,15,19,78.9,6,37,43,40,8,9,10,15
OKC,W,240,124,46,87,52.9,9,25,36,23,33,69.7,15,37,52,25,9,7,12,26
SAC,W,242,109,41,79,51.9,12,30,40,15,18,83.3,7,33,40,25,8,6,11,19
GSW,W,239,126,51,86,59.3,11,23,47.8,13,17,76.5,4,46,50,37,8,7,16,18
PHX,W,240,99,32,72,44.4,8,22,36.4,27,35,77.1,6,35,41,24,5,5,19,29
MIA,W,241,107,41,91,45.1,11,33,33.3,14,17,82.4,16,37,53,22,11,5,15,20
DET,W,240,107,41,82,50,12,34,35.3,13,16,81.3,10,36,46,26,5,1,10,17
DEN,W,242,107,39,81,48.1,11,30,36.7,18,22,81.8,10,43,53,23,3,1,9,21
CHI,W,241,115,45,103,43.7,10,28,35.7,15,25,60,15,32,47,26,11,3,6,19
DAL,W,241,98,40,94,42.6,6,24,25,12,16,75,16,40,56,20,5,11,13,24
LAC,W,241,122,44,81,54.3,13,31,41.9,21,27,77.8,9,40,49,31,7,8,13,13
SAS,W,240,109,41,80,51.3,7,16,43.8,20,24,83.3,5,38,43,18,7,5,12,14
PHI,W,239,105,35,82,42.7,10,28,35.7,25,30,83.3,12,36,48,21,7,7,15,22
OKC,W,240,112,43,79,54.4,8,18,44.4,18,23,78.3,9,31,40,21,9,10,14,20
GSW,W,240,99,38,82,46.3,10,37,27,13,17,76.5,10,37,47,28,7,7,15,18
MIN,W,240,121,49,84,58.3,11,32,34.4,12,14,85.7,7,35,42,30,9,4,15,13
WAS,W,241,111,43,93,46.2,6,26,23.1,19,28,67.9,14,33,47,26,6,4,8,17
BOS,W,240,117,44,92,47.8,12,32,37.5,17,21,81,8,38,46,29,9,5,5,18
TOR,W,242,102,35,85,41.2,9,27,33.3,23,26,88.5,7,36,43,18,15,6,17,20
WAS,W,239,130,47,86,54.7,16,30,53.3,20,23,87,12,37,49,29,5,2,16,18
OKC,W,239,103,39,88,44.3,12,29,41.4,13,16,81.3,15,30,45,18,9,5,7,16
DEN,W,240,96,38,82,46.3,7,28,25,13,15,86.7,10,35,45,25,10,4,18,14
MIN,W,240,115,42,84,50,6,16,37.5,25,29,86.2,13,34,47,18,6,6,14,21
NOP,W,241,109,39,73,53.4,15,25,60,16,19,84.2,6,31,37,27,5,10,14,20
IND,W,264,123,47,90,52.2,10,23,43.5,19,24,79.2,7,34,41,31,8,9,8,25
SAS,W,241,108,44,88,50,11,23,47.8,9,11,81.8,7,37,44,29,3,1,8,11
CHA,W,240,111,36,74,48.6,9,21,42.9,30,40,75,9,34,43,22,2,7,16,20
ATL,W,242,112,42,75,56,10,24,41.7,18,22,81.8,6,32,38,29,5,2,15,19
POR,W,241,95,39,95,41.1,10,25,40,7,14,50,9,38,47,19,7,8,11,15
MEM,W,239,115,40,90,44.4,13,31,41.9,22,25,88,15,32,47,28,5,5,9,26
OKC,W,241,120,44,82,53.7,13,25,52,19,31,61.3,15,25,40,24,11,5,19,18
MIA,W,240,113,46,72,63.9,16,25,64,5,6,83.3,2,33,35,25,3,3,11,15
MIL,W,239,109,41,87,47.1,8,29,27.6,19,23,82.6,6,37,43,27,7,5,7,16
DET,W,240,104,38,88,43.2,10,25,40,18,25,72,15,29,44,19,8,5,11,11
GSW,W,241,113,42,85,49.4,7,24,29.2,22,27,81.5,10,32,42,24,9,13,15,17
LAC,W,240,128,43,91,47.3,18,42,42.9,24,31,77.4,9,29,38,24,8,5,8,25
NOP,W,240,111,43,86,50,10,30,33.3,15,24,62.5,11,37,48,23,10,2,15,25
DEN,W,241,102,42,85,49.4,7,25,28,11,15,73.3,16,33,49,19,4,10,14,13
BKN,W,241,119,44,88,50,14,41,34.1,17,21,81,13,47,60,29,4,4,14,17
CLE,W,239,115,42,82,51.2,12,29,41.4,19,22,86.4,7,28,35,25,10,3,12,14
PHX,W,240,97,33,81,40.7,10,26,38.5,21,27,77.8,12,32,44,21,4,1,10,17
TOR,W,239,114,35,85,41.2,12,35,34.3,32,35,91.4,19,26,45,18,14,6,21,19
NYK,W,240,102,36,79,45.6,8,14,57.1,22,26,84.6,11,38,49,13,8,3,17,20
UTA,W,240,100,34,74,45.9,12,26,46.2,20,24,83.3,5,36,41,18,7,4,12,18
MIN,W,240,112,43,87,49.4,8,24,33.3,18,19,94.7,8,29,37,28,12,2,8,20
GSW,W,240,97,34,74,45.9,7,21,33.3,22,25,88,14,30,44,26,9,8,16,19
MIA,W,241,90,33,75,44,10,28,35.7,14,25,56,6,40,46,23,6,3,12,16
SAC,W,238,104,40,82,48.8,7,19,36.8,17,20,85,13,35,48,14,4,4,12,19
LAL,W,239,122,40,85,47.1,15,35,42.9,27,43,62.8,10,37,47,27,8,5,10,25
DAL,W,239,110,40,75,53.3,14,30,46.7,16,20,80,4,33,37,22,6,7,12,17
LAC,W,239,108,41,87,47.1,10,30,33.3,16,24,66.7,9,41,50,22,1,4,9,19
SAS,W,238,93,41,79,51.9,6,17,35.3,5,6,83.3,9,44,53,17,7,9,23,16
TOR,W,240,129,49,91,53.8,16,33,48.5,15,18,83.3,10,33,43,35,6,7,14,27
OKC,W,240,107,40,77,51.9,8,23,34.8,19,22,86.4,8,34,42,23,15,5,13,26
IND,W,240,105,40,82,48.8,7,21,33.3,18,19,94.7,8,29,37,19,5,5,9,18
CHI,W,240,112,44,87,50.6,11,32,34.4,13,14,92.9,9,42,51,31,6,8,11,23
WAS,W,240,116,46,92,50,14,35,40,10,14,71.4,10,34,44,29,8,3,16,31
SAC,W,239,101,41,91,45.1,7,27,25.9,12,23,52.2,9,30,39,21,11,6,12,20
MIL,W,241,119,43,82,52.4,11,29,37.9,22,27,81.5,8,32,40,27,12,3,14,18
GSW,W,266,116,43,107,40.2,11,34,32.4,19,21,90.5,15,46,61,25,6,10,14,26
BOS,W,240,112,44,79,55.7,16,26,61.5,8,14,57.1,6,32,38,26,6,4,19,31
PHX,W,241,97,35,79,44.3,10,25,40,17,22,77.3,7,42,49,17,9,6,18,25
ATL,W,241,110,38,83,45.8,8,22,36.4,26,31,83.9,10,29,39,25,8,6,12,23
MIN,W,240,108,42,91,46.2,7,19,36.8,17,21,81,11,21,32,19,6,2,10,14
CHI,W,240,117,44,92,47.8,13,28,46.4,16,19,84.2,5,34,39,27,9,7,15,16
CHA,W,240,109,43,88,48.9,9,20,45,14,16,87.5,12,35,47,30,10,6,19,16
OKC,W,241,95,39,81,48.1,7,24,29.2,10,15,66.7,6,34,40,13,9,5,10,13
SAS,W,240,109,40,82,48.8,9,24,37.5,20,25,80,8,37,45,22,7,4,16,19
HOU,W,241,120,40,77,51.9,17,43,39.5,23,27,85.2,12,40,52,25,5,7,14,13
DET,W,240,114,42,89,47.2,17,34,50,13,16,81.3,7,32,39,27,11,3,13,17
IND,W,240,109,43,76,56.6,8,18,44.4,15,19,78.9,6,37,43,21,6,7,15,20
TOR,W,241,108,36,85,42.4,13,30,43.3,23,28,82.1,12,34,46,20,8,9,12,13
CLE,W,239,106,41,87,47.1,14,34,41.2,10,12,83.3,4,38,42,24,6,4,8,16
MIA,W,239,90,31,82,37.8,12,35,34.3,16,21,76.2,9,28,37,22,10,8,8,15
SAS,W,241,98,39,86,45.3,5,25,20,15,18,83.3,9,32,41,14,5,2,7,14
POR,W,240,93,37,79,46.8,10,24,41.7,9,18,50,5,42,47,19,2,3,20,21
NYK,W,241,111,38,69,55.1,14,23,60.9,21,26,80.8,6,29,35,21,9,3,13,22
PHX,W,241,108,33,72,45.8,11,24,45.8,31,35,88.6,13,39,52,22,4,3,23,21
HOU,W,240,115,35,76,46.1,11,35,31.4,34,42,81,4,34,38,16,7,4,15,23
CLE,W,240,109,42,79,53.2,10,22,45.5,15,17,88.2,8,33,41,30,9,1,12,15
BOS,W,238,102,39,80,48.8,14,30,46.7,10,14,71.4,14,28,42,21,6,6,16,19
MIA,W,240,104,39,78,50,11,31,35.5,15,17,88.2,5,35,40,25,10,8,16,23
POR,W,241,95,37,86,43,8,18,44.4,13,15,86.7,6,39,45,18,7,9,14,20
UTA,W,240,107,40,83,48.2,13,25,52,14,18,77.8,9,46,55,19,6,2,15,20
CHI,W,239,115,42,86,48.8,8,22,36.4,23,35,65.7,14,36,50,24,8,0,12,26
DET,W,240,104,39,93,41.9,13,32,40.6,13,17,76.5,11,33,44,22,7,10,9,22
TOR,W,240,120,54,97,55.7,7,28,25,5,9,55.6,11,34,45,26,11,5,8,16
OKC,W,316,119,47,113,41.6,15,35,42.9,10,19,52.6,18,42,60,28,10,5,18,21
MEM,W,240,96,36,78,46.2,12,25,48,12,17,70.6,10,33,43,21,12,6,21,24
DEN,W,266,117,46,100,46,16,36,44.4,9,14,64.3,11,37,48,30,12,4,15,17
WAS,W,241,100,39,88,44.3,7,31,22.6,15,23,65.2,11,39,50,21,12,7,19,26
HOU,W,239,124,43,91,47.3,18,50,36,20,25,80,12,33,45,20,15,3,13,16
DET,W,240,105,41,90,45.6,13,30,43.3,10,12,83.3,14,32,46,26,10,3,15,23
GSW,W,242,112,47,78,60.3,11,22,50,7,9,77.8,4,37,41,35,7,4,16,22
CLE,W,241,121,43,86,50,15,36,41.7,20,25,80,8,31,39,32,10,5,14,16
MIN,W,241,119,46,82,56.1,10,21,47.6,17,20,85,8,31,39,29,12,9,9,19
NYK,W,238,111,41,89,46.1,10,20,50,19,22,86.4,12,28,40,23,11,4,13,23
BOS,W,241,124,47,79,59.5,11,25,44,19,24,79.2,4,26,30,29,10,7,13,20
POR,W,237,102,36,72,50,10,28,35.7,20,23,87,5,28,33,14,7,2,11,21
OKC,W,240,100,36,88,40.9,13,29,44.8,15,24,62.5,17,35,52,26,10,6,13,12
TOR,W,239,115,40,92,43.5,9,26,34.6,26,31,83.9,8,37,45,16,7,3,6,25
HOU,W,238,108,39,88,44.3,17,45,37.8,13,19,68.4,6,39,45,24,7,5,10,18
NOP,W,240,115,45,80,56.3,13,25,52,12,15,80,9,32,41,35,5,8,21,16
CHI,W,239,103,41,93,44.1,7,17,41.2,14,21,66.7,9,37,46,21,9,3,9,14
WAS,W,239,93,36,77,46.8,9,22,40.9,12,24,50,6,38,44,21,7,8,15,22
LAC,W,239,106,39,88,44.3,12,26,46.2,16,20,80,6,45,51,25,10,6,8,19
DAL,W,239,95,38,89,42.7,9,24,37.5,10,12,83.3,8,41,49,17,8,2,6,19
BKN,W,240,103,34,84,40.5,10,43,23.3,25,33,75.8,9,44,53,26,4,6,14,21
CLE,W,242,123,48,86,55.8,20,38,52.6,7,10,70,6,31,37,35,5,2,13,18
DEN,W,240,103,40,79,50.6,10,30,33.3,13,14,92.9,6,38,44,27,8,3,17,15
NYK,W,265,113,48,101,47.5,9,22,40.9,8,11,72.7,15,34,49,25,7,7,14,16
PHI,W,265,118,40,80,50,11,26,42.3,27,32,84.4,7,45,52,32,6,3,24,18
SAC,W,240,99,38,89,42.7,7,22,31.8,16,22,72.7,11,34,45,21,9,3,9,18
HOU,W,241,130,48,88,54.5,17,45,37.8,17,25,68,4,32,36,30,12,7,9,15
CHA,W,240,116,43,81,53.1,13,25,52,17,24,70.8,9,32,41,22,7,4,12,20
CHI,W,241,108,39,81,48.1,12,29,41.4,18,25,72,10,36,46,23,9,3,8,18
LAC,W,242,96,34,92,37,8,36,22.2,20,24,83.3,14,43,57,18,6,7,12,20
GSW,W,241,111,44,80,55,10,20,50,13,17,76.5,6,36,42,26,5,9,14,16
MIA,W,241,107,37,66,56.1,14,27,51.9,19,24,79.2,2,33,35,24,8,8,13,22
TOR,W,240,102,39,87,44.8,11,37,29.7,13,19,68.4,12,32,44,22,8,2,13,17
NYK,W,239,111,39,80,48.8,5,17,29.4,28,34,82.4,6,27,33,16,9,4,12,30
NOP,W,238,131,46,80,57.5,15,24,62.5,24,32,75,5,28,33,31,11,9,14,21
IND,W,265,126,49,93,52.7,10,25,40,18,22,81.8,11,29,40,24,6,2,11,17
MIN,W,241,97,36,72,50,7,19,36.8,18,23,78.3,9,36,45,19,7,2,18,19
BOS,W,242,91,33,79,41.8,11,30,36.7,14,18,77.8,9,41,50,16,4,4,13,18
LAC,W,240,113,39,80,48.8,14,32,43.8,21,24,87.5,4,29,33,22,8,4,10,19
ATL,W,240,117,41,80,51.3,17,33,51.5,18,25,72,9,31,40,33,7,6,12,13
CHI,W,242,104,42,82,51.2,7,25,28,13,23,56.5,8,32,40,28,10,7,14,19
LAL,W,239,110,43,85,50.6,9,27,33.3,15,21,71.4,6,40,46,24,7,5,14,21
CLE,W,240,105,36,75,48,14,29,48.3,19,25,76,6,27,33,26,12,2,17,16
HOU,W,240,124,40,75,53.3,10,25,40,34,42,81,7,28,35,14,13,2,12,17
MIA,W,239,101,42,90,46.7,8,27,29.6,9,14,64.3,8,36,44,15,6,8,5,17
MIL,W,240,117,44,81,54.3,7,17,41.2,22,26,84.6,8,33,41,22,8,6,11,29
OKC,W,267,102,36,92,39.1,12,34,35.3,18,31,58.1,17,30,47,18,7,5,10,21
SAS,W,240,104,40,87,46,6,19,31.6,18,25,72,18,34,52,18,5,6,15,23
SAC,W,263,116,47,97,48.5,13,30,43.3,9,14,64.3,11,35,46,21,12,4,17,21
GSW,W,241,102,39,81,48.1,7,26,26.9,17,22,77.3,5,40,45,29,5,15,14,19
DEN,W,240,103,42,85,49.4,6,21,28.6,13,16,81.3,6,38,44,21,7,7,12,20
TOR,W,241,116,37,78,47.4,13,31,41.9,29,33,87.9,10,26,36,21,8,3,11,23
SAS,W,239,105,38,81,46.9,8,27,29.6,21,24,87.5,14,32,46,16,6,3,13,14
MIL,W,240,109,36,79,45.6,8,24,33.3,29,34,85.3,7,33,40,20,10,6,10,24
CHI,W,266,119,48,99,48.5,6,18,33.3,17,22,77.3,6,50,56,23,5,7,14,28
IND,W,239,106,38,86,44.2,15,39,38.5,15,24,62.5,12,37,49,21,7,3,8,19
WAS,W,240,109,41,81,50.6,8,21,38.1,19,25,76,8,30,38,25,6,4,10,23
BKN,W,239,100,35,80,43.8,11,37,29.7,19,30,63.3,7,42,49,24,3,7,13,21
HOU,W,239,112,38,81,46.9,18,42,42.9,18,24,75,8,38,46,22,10,5,17,25
LAL,W,239,107,42,96,43.8,11,28,39.3,12,24,50,15,29,44,22,13,7,11,23
NYK,W,241,99,35,67,52.2,9,14,64.3,20,27,74.1,10,32,42,22,8,3,16,21
MIN,W,240,113,45,82,54.9,7,19,36.8,16,21,76.2,8,38,46,29,4,7,15,17
IND,W,241,98,39,87,44.8,12,34,35.3,8,10,80,7,32,39,21,7,5,13,14
GSW,W,241,101,40,84,47.6,11,30,36.7,10,13,76.9,8,39,47,26,8,12,15,20
SAS,W,240,117,46,87,52.9,13,25,52,12,14,85.7,10,24,34,30,6,7,11,13
MIL,W,240,104,39,79,49.4,8,22,36.4,18,26,69.2,13,28,41,22,7,5,12,21
NOP,W,240,123,46,86,53.5,12,31,38.7,19,29,65.5,11,38,49,28,4,5,11,19
BOS,W,241,97,36,87,41.4,12,34,35.3,13,17,76.5,9,44,53,25,8,8,11,15
ORL,W,265,110,46,98,46.9,6,28,21.4,12,18,66.7,13,39,52,17,9,7,16,23
CLE,W,241,101,37,78,47.4,14,39,35.9,13,21,61.9,7,36,43,28,5,3,15,10
WAS,W,240,106,42,89,47.2,11,25,44,11,14,78.6,11,33,44,20,16,6,9,22
OKC,W,240,100,39,81,48.1,4,18,22.2,18,26,69.2,12,34,46,18,11,6,18,18
TOR,W,237,126,44,92,47.8,15,36,41.7,23,26,88.5,8,34,42,30,13,4,15,28
SAS,W,241,96,35,82,42.7,14,31,45.2,12,12,100,10,41,51,30,2,7,16,20
CLE,W,240,113,42,81,51.9,13,36,36.1,16,17,94.1,5,41,46,22,6,2,7,13
BOS,W,241,111,43,78,55.1,10,22,45.5,15,19,78.9,8,37,45,25,5,3,14,20
UTA,W,241,116,43,76,56.6,16,34,47.1,14,18,77.8,10,42,52,29,9,3,16,20
MEM,W,239,95,34,72,47.2,6,21,28.6,21,24,87.5,6,35,41,22,6,8,16,22
BKN,W,240,110,41,85,48.2,15,36,41.7,13,15,86.7,12,40,52,29,7,6,22,28
PHX,W,239,115,44,91,48.4,10,22,45.5,17,22,77.3,15,31,46,25,10,9,11,14
IND,W,240,115,46,86,53.5,11,26,42.3,12,15,80,7,37,44,28,10,5,16,20
CHA,W,240,104,34,84,40.5,3,17,17.6,33,40,82.5,11,41,52,17,13,5,14,18
DAL,W,239,122,49,86,57,12,26,46.2,12,17,70.6,5,37,42,26,4,6,7,18
GSW,W,239,125,45,87,51.7,16,33,48.5,19,27,70.4,5,35,40,36,14,5,16,17
MIN,W,240,112,38,88,43.2,8,26,30.8,28,31,90.3,14,28,42,22,9,1,7,16
OKC,W,239,90,37,87,42.5,6,22,27.3,10,21,47.6,15,32,47,21,8,2,20,19
ORL,W,239,105,37,82,45.1,6,28,21.4,25,29,86.2,8,34,42,19,8,3,10,11
GSW,W,240,123,47,84,56,11,30,36.7,18,24,75,7,34,41,32,4,4,9,14
HOU,W,241,118,45,90,50,14,37,37.8,14,17,82.4,7,36,43,17,10,4,15,23
DAL,W,240,108,36,79,45.6,16,35,45.7,20,26,76.9,15,39,54,24,4,7,15,20
CLE,W,240,116,42,75,56,11,24,45.8,21,23,91.3,1,30,31,24,8,7,10,14
MIL,W,240,109,34,69,49.3,6,19,31.6,35,42,83.3,9,27,36,20,9,6,15,18
ATL,W,241,114,47,99,47.5,10,27,37,10,14,71.4,13,34,47,18,12,5,8,19
BOS,W,239,116,42,80,52.5,14,31,45.2,18,23,78.3,4,27,31,32,8,6,9,16
NOP,W,241,123,45,86,52.3,15,31,48.4,18,25,72,4,44,48,22,2,3,10,16
DEN,W,240,115,40,87,46,12,31,38.7,23,28,82.1,9,30,39,26,8,6,12,19
PHI,W,242,108,35,86,40.7,10,28,35.7,28,32,87.5,17,30,47,27,7,4,17,24
SAS,W,240,95,31,70,44.3,11,27,40.7,22,32,68.8,7,36,43,20,8,5,13,18
UTA,W,240,114,42,85,49.4,12,30,40,18,25,72,8,38,46,25,7,3,7,15
WAS,W,242,109,43,89,48.3,7,21,33.3,16,19,84.2,16,33,49,28,12,6,11,20
OKC,W,240,111,41,79,51.9,8,26,30.8,21,22,95.5,13,29,42,28,7,7,18,24
MIA,W,242,105,39,80,48.8,14,35,40,13,21,61.9,9,30,39,25,8,4,21,24
SAC,W,241,107,45,85,52.9,6,18,33.3,11,14,78.6,8,35,43,29,5,10,12,15
TOR,W,239,120,48,97,49.5,10,32,31.3,14,21,66.7,12,35,47,29,6,8,12,18
GSW,W,238,133,55,88,62.5,12,24,50,11,11,100,7,35,42,46,9,11,19,16
DEN,W,238,111,38,83,45.8,12,31,38.7,23,31,74.2,11,33,44,22,7,4,12,19
MIL,W,240,103,42,87,48.3,6,20,30,13,15,86.7,5,30,35,19,11,5,9,20
UTA,W,238,126,49,85,57.6,17,35,48.6,11,14,78.6,10,23,33,38,13,2,13,20
BOS,W,242,108,40,79,50.6,12,29,41.4,16,20,80,7,33,40,25,7,7,16,20
CLE,W,240,121,41,79,51.9,18,39,46.2,21,27,77.8,12,28,40,30,9,5,19,20
DET,W,240,131,51,89,57.3,13,28,46.4,16,21,76.2,5,39,44,31,11,6,19,22
PHI,W,240,118,37,81,45.7,3,18,16.7,41,64,64.1,21,43,64,23,6,8,17,27
MIN,W,242,120,47,81,58,9,23,39.1,17,19,89.5,10,34,44,30,10,1,17,14
NYK,W,240,115,44,73,60.3,5,13,38.5,22,26,84.6,8,44,52,26,10,5,20,20
BKN,W,240,109,42,90,46.7,11,29,37.9,14,25,56,14,38,52,25,5,1,14,21
TOR,W,239,126,52,98,53.1,14,32,43.8,8,11,72.7,11,28,39,24,6,2,9,23
SAS,W,241,104,38,75,50.7,8,20,40,20,24,83.3,5,27,32,22,9,5,8,17
ORL,W,240,121,45,76,59.2,13,30,43.3,18,26,69.2,2,35,37,28,9,7,13,22
HOU,W,239,118,42,86,48.8,18,40,45,16,21,76.2,10,39,49,26,9,0,15,10
GSW,W,264,127,47,94,50,12,30,40,21,28,75,12,37,49,30,10,4,22,19
PHX,W,240,104,38,87,43.7,11,30,36.7,17,23,73.9,13,44,57,25,4,4,15,12
CLE,W,241,108,40,81,49.4,11,33,33.3,17,23,73.9,5,40,45,21,12,2,13,17
UTA,W,241,106,42,87,48.3,14,32,43.8,8,9,88.9,9,34,43,24,7,6,11,20
MIL,W,241,112,42,71,59.2,9,22,40.9,19,31,61.3,1,37,38,27,13,5,12,22
WAS,W,239,92,36,83,43.4,10,28,35.7,10,17,58.8,9,35,44,23,5,4,7,16
DET,W,241,118,44,85,51.8,11,25,44,19,23,82.6,8,32,40,26,8,2,8,19
IND,W,240,121,42,79,53.2,15,26,57.7,22,26,84.6,8,35,43,25,7,8,14,18
POR,W,240,103,37,83,44.6,7,21,33.3,22,26,84.6,5,40,45,18,10,3,9,22
LAC,W,240,120,41,85,48.2,10,28,35.7,28,30,93.3,10,34,44,19,7,3,17,22
SAS,W,240,115,43,82,52.4,10,24,41.7,19,21,90.5,4,39,43,27,7,5,10,16
CLE,W,242,113,41,86,47.7,15,37,40.5,16,20,80,11,35,46,25,7,3,11,21
HOU,W,239,117,42,86,48.8,20,50,40,13,20,65,8,34,42,31,8,4,15,19
SAC,W,240,110,42,79,53.2,9,17,52.9,17,21,81,11,25,36,27,7,6,13,15
MIA,W,240,100,34,75,45.3,13,32,40.6,19,23,82.6,1,44,45,19,9,5,12,14
BKN,W,239,98,33,74,44.6,13,29,44.8,19,23,82.6,12,31,43,19,7,7,17,22
MIN,W,240,119,49,93,52.7,9,21,42.9,12,17,70.6,19,29,48,24,12,5,10,14
LAC,W,239,97,38,80,47.5,9,28,32.1,12,13,92.3,6,31,37,23,11,5,16,13
POR,W,240,108,41,80,51.3,9,24,37.5,17,22,77.3,6,35,41,18,3,6,16,16
UTA,W,239,121,46,81,56.8,18,32,56.3,11,19,57.9,5,25,30,31,8,2,10,19
DAL,W,241,97,37,75,49.3,15,35,42.9,8,11,72.7,8,35,43,25,11,5,17,18
HOU,W,240,117,41,94,43.6,18,47,38.3,17,22,77.3,9,33,42,30,12,6,7,15
TOR,W,240,112,46,84,54.8,13,32,40.6,7,9,77.8,11,35,46,31,10,3,16,22
SAS,W,240,106,39,81,48.1,6,25,24,22,25,88,8,37,45,22,8,7,11,19
BOS,W,240,108,45,80,56.3,10,25,40,8,9,88.9,4,26,30,22,8,4,14,13
GSW,W,239,110,39,94,41.5,10,33,30.3,22,27,81.5,11,33,44,30,11,6,9,24
PHI,W,242,130,48,95,50.5,16,34,47.1,18,20,90,11,42,53,35,7,2,11,22
DEN,W,240,104,40,79,50.6,9,32,28.1,15,26,57.7,15,35,50,24,9,4,21,18
MIA,W,240,109,38,80,47.5,19,39,48.7,14,16,87.5,9,33,42,29,4,4,13,24
DET,W,240,99,39,84,46.4,14,37,37.8,7,9,77.8,8,35,43,22,6,5,20,17
GSW,W,240,143,53,91,58.2,16,36,44.4,21,21,100,6,43,49,36,11,11,11,15
POR,W,239,127,48,96,50,6,15,40,25,35,71.4,12,33,45,24,5,13,7,16
IND,W,239,107,38,83,45.8,11,26,42.3,20,27,74.1,10,31,41,19,10,3,16,18
BOS,W,240,118,42,91,46.2,17,42,40.5,17,25,68,13,33,46,27,6,10,8,20
ATL,W,240,116,47,99,47.5,13,31,41.9,9,12,75,13,27,40,30,7,2,9,16
CLE,W,240,100,38,83,45.8,13,39,33.3,11,15,73.3,3,42,45,25,4,7,12,24
NOP,W,241,115,45,91,49.5,9,27,33.3,16,22,72.7,13,36,49,29,10,4,15,18
UTA,W,241,110,40,86,46.5,14,35,40,16,19,84.2,8,37,45,23,10,5,7,15
PHI,W,240,101,39,90,43.3,11,32,34.4,12,17,70.6,11,46,57,23,12,8,18,21
CLE,W,238,119,43,82,52.4,14,34,41.2,19,27,70.4,4,29,33,21,8,2,10,19
SAC,W,239,113,47,85,55.3,10,21,47.6,9,14,64.3,10,34,44,26,9,4,17,20
MIN,W,240,124,40,87,46,8,23,34.8,36,45,80,10,32,42,22,9,3,7,17
MIA,W,240,104,40,81,49.4,10,28,35.7,14,16,87.5,7,41,48,20,3,4,16,22
NYK,W,240,108,43,93,46.2,8,24,33.3,14,17,82.4,13,34,47,29,8,7,11,19
HOU,W,240,125,45,82,54.9,18,41,43.9,17,23,73.9,8,38,46,30,13,4,18,22
LAC,W,240,116,44,76,57.9,15,30,50,13,19,68.4,6,27,33,30,7,4,15,15
NOP,W,241,107,39,81,48.1,7,24,29.2,22,24,91.7,7,38,45,23,7,2,15,18
CHA,W,264,129,43,91,47.3,10,28,35.7,33,40,82.5,14,34,48,23,5,5,11,20
DAL,W,240,95,39,91,42.9,9,28,32.1,8,16,50,4,36,40,23,9,2,8,14
OKC,W,241,108,41,90,45.6,8,25,32,18,26,69.2,13,37,50,16,15,5,16,21
MIL,W,263,113,42,97,43.3,8,29,27.6,21,31,67.7,13,29,42,19,16,6,14,30
LAL,W,241,103,36,90,40,13,40,32.5,18,25,72,12,41,53,23,7,6,12,16
CHA,W,240,118,42,85,49.4,11,26,42.3,23,29,79.3,11,41,52,22,5,7,17,18
IND,W,240,105,37,89,41.6,8,20,40,23,29,79.3,8,40,48,25,17,4,12,25
NOP,W,241,114,41,80,51.3,7,25,28,25,32,78.1,7,42,49,26,8,3,19,22
PHI,W,239,107,44,85,51.8,4,15,26.7,15,22,68.2,9,46,55,20,11,7,19,18
BOS,W,266,110,38,84,45.2,13,36,36.1,21,26,80.8,5,48,53,24,8,4,17,24
DEN,W,241,114,42,86,48.8,15,32,46.9,15,20,75,14,35,49,18,6,3,13,13
WAS,W,240,99,39,74,52.7,9,24,37.5,12,17,70.6,8,38,46,23,4,1,16,18
SAS,W,240,96,40,89,44.9,10,31,32.3,6,6,100,14,38,52,29,7,5,18,17
POR,W,240,100,33,83,39.8,6,15,40,28,32,87.5,15,45,60,11,1,9,15,23
CLE,W,239,116,42,80,52.5,16,33,48.5,16,17,94.1,7,35,42,28,4,2,11,14
NYK,W,240,107,35,81,43.2,13,34,38.2,24,25,96,14,37,51,24,11,5,22,26
PHX,W,239,113,45,89,50.6,7,27,25.9,16,22,72.7,9,39,48,32,5,4,12,16
LAL,W,240,127,53,100,53,12,32,37.5,9,16,56.3,13,33,46,36,11,5,15,27
TOR,W,240,100,40,90,44.4,10,39,25.6,10,14,71.4,11,37,48,20,8,7,7,19
DET,W,240,100,39,83,47,8,25,32,14,20,70,11,26,37,25,10,2,19,21
IND,W,241,120,51,85,60,11,23,47.8,7,8,87.5,9,33,42,33,9,7,12,14
GSW,W,241,118,46,90,51.1,10,24,41.7,16,23,69.6,6,51,57,29,8,14,15,27
UTA,W,240,125,47,98,48,14,34,41.2,17,18,94.4,14,40,54,31,10,4,10,19
DAL,W,241,111,38,79,48.1,19,38,50,16,19,84.2,7,42,49,27,7,2,16,26
CHA,W,240,102,34,87,39.1,11,26,42.3,23,29,79.3,8,41,49,20,7,9,8,16
BOS,W,240,110,39,82,47.6,16,34,47.1,16,20,80,9,32,41,21,9,6,15,22
HOU,W,238,105,35,78,44.9,18,43,41.9,17,21,81,9,36,45,21,8,9,16,24
POR,W,242,102,38,70,54.3,10,21,47.6,16,21,76.2,5,39,44,19,6,8,17,22
GSW,W,241,124,50,91,54.9,7,23,30.4,17,20,85,11,37,48,25,5,6,12,18
CLE,W,265,118,42,90,46.7,11,33,33.3,23,29,79.3,8,43,51,24,9,4,15,20
TOR,W,240,107,44,78,56.4,9,26,34.6,10,11,90.9,3,37,40,29,4,11,12,19
BKN,W,240,118,43,84,51.2,17,37,45.9,15,20,75,4,32,36,27,8,2,12,21
CHI,W,240,123,47,91,51.6,17,34,50,12,13,92.3,4,31,35,26,9,2,11,23
DEN,W,242,146,56,89,62.9,18,35,51.4,16,21,76.2,13,35,48,37,5,4,14,15
MIA,W,240,91,34,83,41,10,35,28.6,13,18,72.2,10,42,52,21,6,7,15,19
IND,W,239,107,39,89,43.8,15,28,53.6,14,21,66.7,13,38,51,22,4,5,10,13
PHX,W,241,122,48,103,46.6,13,32,40.6,13,19,68.4,9,35,44,28,10,5,13,22
MIN,W,240,111,39,84,46.4,13,30,43.3,20,23,87,11,37,48,27,7,0,10,18
SAC,W,240,86,36,85,42.4,4,14,28.6,10,15,66.7,12,31,43,20,11,5,13,22
SAS,W,241,104,34,77,44.2,14,35,40,22,28,78.6,12,32,44,23,6,7,13,18
BOS,W,240,92,26,79,32.9,7,32,21.9,33,38,86.8,7,45,52,15,8,5,15,15
HOU,W,240,142,43,90,47.8,21,44,47.7,35,38,92.1,12,39,51,27,9,9,14,20
PHI,W,241,115,42,86,48.8,7,32,21.9,24,30,80,8,44,52,27,7,15,16,19
WAS,W,241,102,32,78,41,9,19,47.4,29,31,93.5,11,29,40,9,8,2,12,19
POR,W,240,99,38,87,43.7,14,27,51.9,9,13,69.2,10,31,41,21,7,2,12,10
IND,W,241,116,43,85,50.6,12,24,50,18,20,90,5,31,36,29,6,6,12,17
MIL,W,240,99,38,78,48.7,8,22,36.4,15,20,75,11,32,43,24,10,16,15,19
ATL,W,239,126,50,79,63.3,16,32,50,10,16,62.5,9,44,53,40,9,6,18,23
CLE,W,240,115,42,95,44.2,13,38,34.2,18,20,90,16,35,51,25,9,4,13,24
OKC,W,241,92,26,72,36.1,8,30,26.7,32,37,86.5,11,37,48,15,7,2,13,19
MIN,W,239,98,39,87,44.8,9,18,50,11,16,68.8,11,30,41,27,9,4,6,16
NYK,W,239,106,38,81,46.9,9,21,42.9,21,25,84,12,33,45,18,4,5,11,19
TOR,W,240,125,45,76,59.2,16,34,47.1,19,20,95,6,31,37,27,8,6,21,20
SAS,W,240,97,35,79,44.3,6,26,23.1,21,27,77.8,8,39,47,18,9,7,12,16
TOR,W,242,129,41,78,52.6,14,30,46.7,33,42,78.6,5,31,36,28,11,4,12,30
BOS,W,239,109,39,86,45.3,9,27,33.3,22,27,81.5,9,40,49,15,8,3,14,14
NOP,W,240,106,41,75,54.7,13,33,39.4,11,17,64.7,7,31,38,31,10,5,19,13
CLE,W,240,104,35,88,39.8,16,45,35.6,18,22,81.8,14,34,48,21,7,7,20,21
LAL,W,241,100,39,92,42.4,14,33,42.4,8,13,61.5,9,44,53,17,6,6,16,20
POR,W,240,99,38,73,52.1,7,21,33.3,16,18,88.9,8,35,43,22,12,5,21,18
GSW,W,239,110,44,88,50,8,23,34.8,14,16,87.5,12,38,50,35,3,5,16,21
MIL,W,240,110,40,82,48.8,12,22,54.5,18,25,72,10,26,36,23,6,5,9,19
PHI,W,239,109,38,77,49.4,7,32,21.9,26,35,74.3,10,41,51,27,9,2,20,26
WAS,W,239,110,44,86,51.2,11,34,32.4,11,12,91.7,10,40,50,30,7,1,11,21
MIN,W,240,109,37,71,52.1,10,20,50,25,29,86.2,5,35,40,22,9,5,15,13
BOS,W,239,95,35,87,40.2,10,26,38.5,15,19,78.9,15,31,46,24,9,2,14,18
HOU,W,243,118,43,90,47.8,17,47,36.2,15,18,83.3,10,37,47,24,10,5,13,20
DET,W,241,112,42,87,48.3,14,28,50,14,20,70,11,43,54,24,2,5,13,17
OKC,W,239,112,36,72,50,15,32,46.9,25,33,75.8,3,34,37,21,10,4,15,23
SAS,W,240,133,51,85,60,18,27,66.7,13,16,81.3,8,36,44,33,5,6,13,16
MIL,W,239,98,35,85,41.2,6,23,26.1,22,26,84.6,9,33,42,16,11,4,12,27
CLE,W,241,111,35,81,43.2,12,31,38.7,29,35,82.9,10,43,53,18,8,3,17,18
NYK,W,240,118,47,90,52.2,12,27,44.4,12,15,80,8,32,40,29,6,6,11,22
UTA,W,239,114,41,85,48.2,11,29,37.9,21,25,84,12,32,44,19,12,3,16,29
PHX,W,242,118,46,86,53.5,10,26,38.5,16,24,66.7,7,39,46,21,4,10,18,25
HOU,W,242,111,37,83,44.6,16,45,35.6,21,28,75,11,35,46,18,14,4,15,19
GSW,W,241,135,48,82,58.5,14,27,51.9,25,26,96.2,4,35,39,31,15,11,22,23
WAS,W,241,113,42,78,53.8,7,24,29.2,22,28,78.6,11,31,42,22,14,10,23,22
NOP,W,241,111,43,80,53.8,6,16,37.5,19,24,79.2,8,43,51,26,7,4,23,19
DEN,W,241,125,46,87,52.9,12,29,41.4,21,27,77.8,13,37,50,29,9,4,12,16
ORL,W,240,128,43,82,52.4,13,28,46.4,29,43,67.4,7,37,44,29,8,5,18,20
IND,W,240,105,43,84,51.2,12,29,41.4,7,12,58.3,7,44,51,27,8,3,18,17
MIL,W,240,94,41,89,46.1,5,18,27.8,7,14,50,11,36,47,27,10,7,13,13
BOS,W,240,90,30,84,35.7,9,31,29,21,25,84,9,40,49,15,6,5,13,26
OKC,W,241,120,40,78,51.3,11,26,42.3,29,40,72.5,11,29,40,23,8,7,11,29
MIA,W,240,84,30,77,39,10,25,40,14,18,77.8,7,41,48,10,9,6,19,20
BKN,W,240,101,39,91,42.9,12,38,31.6,11,19,57.9,11,38,49,25,7,4,10,13
DET,W,240,111,39,89,43.8,12,30,40,21,27,77.8,20,31,51,23,7,5,17,18
TOR,W,238,122,45,98,45.9,16,42,38.1,16,23,69.6,10,38,48,27,8,4,12,24
SAC,W,240,109,40,93,43,12,27,44.4,17,28,60.7,8,37,45,29,6,5,9,19
HOU,W,240,117,36,77,46.8,16,46,34.8,29,36,80.6,17,28,45,21,11,5,22,27
WAS,W,241,111,43,83,51.8,7,21,33.3,18,20,90,7,38,45,20,7,4,19,31
DEN,W,241,102,38,82,46.3,9,27,33.3,17,22,77.3,14,31,45,27,7,7,18,15
DET,W,241,114,43,83,51.8,12,27,44.4,16,25,64,8,42,50,25,3,5,15,22
MIA,W,239,126,43,81,53.1,12,30,40,28,35,80,11,42,53,21,5,4,14,25
ORL,W,241,112,43,80,53.8,13,28,46.4,13,22,59.1,6,23,29,31,16,7,12,15
GSW,W,241,125,48,85,56.5,15,36,41.7,14,18,77.8,3,42,45,37,10,9,19,23
BOS,W,240,107,38,98,38.8,7,29,24.1,24,31,77.4,16,32,48,20,8,6,13,20
DAL,W,240,113,43,91,47.3,11,30,36.7,16,20,80,11,42,53,26,6,8,11,23
PHI,W,240,104,34,81,42,12,27,44.4,24,30,80,8,48,56,23,5,6,22,34
CLE,W,240,124,41,82,50,9,18,50,33,38,86.8,12,27,39,18,7,4,12,16
NOP,W,240,117,44,87,50.6,14,35,40,15,22,68.2,11,32,43,23,6,5,12,18
NYK,W,241,118,45,75,60,12,25,48,16,21,76.2,6,29,35,29,5,5,16,19
DEN,W,240,112,44,93,47.3,9,34,26.5,15,20,75,9,38,47,26,16,9,19,21
MEM,W,240,98,35,73,47.9,7,19,36.8,21,25,84,5,29,34,18,8,10,14,21
SAS,W,240,120,45,84,53.6,15,28,53.6,15,19,78.9,11,28,39,33,13,3,13,21
SAC,W,241,94,37,79,46.8,9,24,37.5,11,12,91.7,5,42,47,21,6,5,23,24
TOR,W,239,119,44,81,54.3,13,25,52,18,24,75,7,30,37,22,5,0,15,22
GSW,W,239,97,32,87,36.8,11,32,34.4,22,24,91.7,13,38,51,20,12,10,14,21
BOS,W,240,110,39,81,48.1,14,36,38.9,18,22,81.8,7,35,42,28,3,3,13,21
BKN,W,240,98,35,87,40.2,8,32,25,20,29,69,11,37,48,20,10,4,16,30
WAS,W,239,107,40,85,47.1,11,23,47.8,16,23,69.6,11,35,46,19,9,3,17,26
LAL,W,239,107,40,85,47.1,9,27,33.3,18,23,78.3,8,38,46,25,5,4,16,16
ATL,W,239,117,41,86,47.7,11,25,44,24,34,70.6,11,33,44,24,4,6,17,20
MIN,W,241,112,38,83,45.8,10,24,41.7,26,30,86.7,12,42,54,20,4,4,16,19
SAS,W,240,112,44,88,50,11,22,50,13,18,72.2,8,35,43,21,9,4,9,19
BOS,W,241,104,39,89,43.8,11,33,33.3,15,20,75,9,45,54,26,10,1,13,21
NYK,W,241,108,44,88,50,6,23,26.1,14,19,73.7,12,34,46,24,8,7,12,21
POR,W,241,103,37,74,50,7,20,35,22,28,78.6,7,37,44,20,6,7,21,20
HOU,W,241,137,48,81,59.3,23,39,59,18,21,85.7,5,37,42,26,9,7,20,24
MIA,W,239,104,37,84,44,14,36,38.9,16,19,84.2,10,27,37,23,12,6,16,26
MEM,W,239,113,40,84,47.6,13,31,41.9,20,24,83.3,9,30,39,21,8,7,11,28
GSW,W,240,127,50,91,54.9,18,40,45,9,17,52.9,7,34,41,38,13,4,13,23
MIN,W,240,112,43,79,54.4,10,24,41.7,16,20,80,10,38,48,33,7,9,18,20
NOP,W,264,96,35,87,40.2,9,31,29,17,22,77.3,5,47,52,23,9,4,13,9
DET,W,240,108,40,79,50.6,13,24,54.2,15,22,68.2,8,27,35,28,10,3,14,19
HOU,W,239,119,42,89,47.2,16,47,34,19,23,82.6,9,35,44,28,14,4,12,16
CHI,W,240,105,40,85,47.1,14,29,48.3,11,12,91.7,9,39,48,23,6,2,14,13
DEN,W,240,95,36,80,45,9,23,39.1,14,25,56,13,28,41,17,9,6,17,16
NOP,W,240,99,36,89,40.4,7,29,24.1,20,26,76.9,9,44,53,23,9,4,12,22
CLE,W,241,130,46,82,56.1,12,27,44.4,26,28,92.9,8,26,34,20,11,4,14,27
PHI,W,240,121,46,92,50,18,36,50,11,14,78.6,12,38,50,34,7,9,18,20
DET,W,240,105,37,78,47.4,8,26,30.8,23,28,82.1,7,32,39,21,10,4,12,11
NYK,W,240,120,45,87,51.7,8,26,30.8,22,25,88,9,40,49,24,5,7,12,24
LAL,W,240,124,48,94,51.1,9,21,42.9,19,27,70.4,7,50,57,26,10,7,16,29
TOR,W,240,109,38,71,53.5,11,30,36.7,22,28,78.6,5,34,39,20,9,4,16,27
SAS,W,239,108,39,83,47,9,27,33.3,21,26,80.8,7,38,45,31,7,6,15,26
BOS,W,239,101,36,84,42.9,13,28,46.4,16,24,66.7,11,38,49,23,6,2,10,14
POR,W,240,113,40,86,46.5,9,22,40.9,24,27,88.9,10,31,41,22,7,4,12,21
GSW,W,241,112,43,83,51.8,14,28,50,12,16,75,5,36,41,30,11,12,14,20
PHX,W,241,122,41,83,49.4,9,24,37.5,31,38,81.6,11,34,45,23,5,5,9,24
CHA,W,239,126,45,84,53.6,14,25,56,22,29,75.9,7,34,41,21,5,3,11,18
PHI,W,240,119,46,99,46.5,13,35,37.1,14,25,56,15,38,53,36,10,4,16,26
MIN,W,240,104,41,83,49.4,6,22,27.3,16,24,66.7,11,36,47,20,13,3,21,21
MIA,W,240,97,34,83,41,12,31,38.7,17,19,89.5,3,45,48,21,8,0,11,19
DEN,W,239,129,47,88,53.4,16,32,50,19,29,65.5,9,34,43,35,9,4,12,20
ORL,W,238,101,38,75,50.7,13,29,44.8,12,14,85.7,6,32,38,25,6,8,24,22
LAC,W,240,119,41,78,52.6,13,28,46.4,24,29,82.8,7,42,49,27,9,5,16,20
HOU,W,242,119,42,88,47.7,19,52,36.5,16,21,76.2,9,37,46,21,6,4,14,20
IND,W,239,124,49,90,54.4,16,26,61.5,10,13,76.9,8,35,43,35,9,1,11,23
BOS,W,240,113,40,82,48.8,17,41,41.5,16,19,84.2,16,36,52,30,10,3,16,19
UTA,W,263,112,34,90,37.8,13,29,44.8,31,36,86.1,10,45,55,16,9,8,14,21
OKC,W,241,110,40,81,49.4,12,28,42.9,18,21,85.7,9,37,46,24,6,3,15,20
PHX,W,239,122,45,96,46.9,10,22,45.5,22,24,91.7,10,56,66,18,5,5,18,26
LAL,W,239,113,45,91,49.5,12,26,46.2,11,14,78.6,11,42,53,30,9,5,14,14
IND,W,240,101,36,85,42.4,12,29,41.4,17,22,77.3,14,39,53,25,8,7,14,17
CHA,W,239,104,37,89,41.6,7,17,41.2,23,29,79.3,10,46,56,15,3,7,11,22
MIN,W,265,125,41,91,45.1,11,23,47.8,32,35,91.4,10,30,40,20,16,4,16,25
PHI,W,240,115,44,80,55,10,24,41.7,17,24,70.8,7,41,48,27,10,4,19,31
ORL,W,239,115,43,85,50.6,16,34,47.1,13,18,72.2,6,37,43,27,10,1,16,19
BOS,W,239,108,42,88,47.7,11,31,35.5,13,16,81.3,15,39,54,24,10,6,13,22
NYK,W,240,116,41,82,50,13,32,40.6,21,23,91.3,11,38,49,27,8,10,22,27
GSW,W,241,141,52,89,58.4,14,29,48.3,23,30,76.7,14,32,46,37,8,8,12,23
TOR,W,240,99,39,87,44.8,8,24,33.3,13,17,76.5,8,39,47,17,10,9,9,14
UTA,W,241,104,38,81,46.9,16,35,45.7,12,15,80,6,29,35,25,16,8,14,17
DET,W,240,115,43,93,46.2,12,27,44.4,17,17,100,17,20,37,22,16,0,13,9
CHA,W,242,120,53,97,54.6,6,18,33.3,8,17,47.1,12,47,59,31,6,7,17,24
IND,W,239,97,36,77,46.8,10,22,45.5,15,20,75,6,38,44,21,9,3,19,20
NYK,W,240,114,42,89,47.2,13,28,46.4,17,21,81,11,40,51,27,9,6,14,26
MIL,W,241,117,44,81,54.3,13,26,50,16,21,76.2,5,38,43,30,9,3,14,27
WAS,W,242,110,40,85,47.1,17,34,50,13,20,65,13,36,49,28,9,3,15,18
DEN,W,240,124,47,94,50,11,20,55,19,22,86.4,4,42,46,23,7,7,6,22
POR,W,240,114,40,91,44,11,26,42.3,23,28,82.1,12,41,53,27,8,7,14,26
MEM,W,240,103,40,85,47.1,14,33,42.4,9,12,75,6,36,42,26,10,6,9,20
OKC,W,239,101,39,88,44.3,13,34,38.2,10,14,71.4,11,41,52,28,16,8,11,17
BOS,W,240,96,34,81,42,6,23,26.1,22,26,84.6,11,30,41,15,11,5,12,14
DET,W,241,95,36,88,40.9,9,28,32.1,14,21,66.7,12,38,50,16,11,6,12,20
PHI,W,240,112,43,87,49.4,16,35,45.7,10,14,71.4,11,31,42,25,10,1,13,21
NOP,W,239,123,49,95,51.6,13,33,39.4,12,16,75,10,37,47,33,10,4,11,20
UTA,W,240,96,37,79,46.8,13,31,41.9,9,13,69.2,14,35,49,18,9,5,21,20
HOU,W,241,109,38,85,44.7,22,57,38.6,11,13,84.6,7,44,51,21,5,6,15,26
MIN,W,239,119,42,86,48.8,8,22,36.4,27,35,77.1,17,27,44,23,5,7,15,21
DEN,W,240,105,42,91,46.2,4,20,20,17,23,73.9,11,35,46,25,8,4,11,12
ORL,W,239,114,48,84,57.1,11,23,47.8,7,14,50,6,39,45,22,9,7,17,24
GSW,W,240,120,46,95,48.4,10,38,26.3,18,20,90,15,38,53,33,7,13,17,20
NYK,W,240,107,44,98,44.9,9,27,33.3,10,17,58.8,19,36,55,19,7,6,11,19
TOR,W,241,101,40,93,43,7,29,24.1,14,20,70,9,31,40,27,12,4,12,24
LAC,W,241,104,36,77,46.8,9,28,32.1,23,36,63.9,14,32,46,11,4,5,11,19
CHI,W,240,91,31,86,36,7,32,21.9,22,29,75.9,18,44,62,20,5,4,13,15
BOS,W,241,96,33,78,42.3,11,30,36.7,19,22,86.4,6,39,45,21,7,4,15,14
NOP,W,240,114,42,86,48.8,13,32,40.6,17,23,73.9,10,37,47,22,5,3,15,24
MEM,W,239,96,30,73,41.1,10,34,29.4,26,30,86.7,9,37,46,18,7,6,18,23
GSW,W,241,117,43,77,55.8,12,26,46.2,19,22,86.4,6,31,37,32,10,7,17,15
PHX,W,240,97,42,96,43.8,6,19,31.6,7,9,77.8,16,39,55,18,8,5,16,25
LAL,W,265,102,41,92,44.6,7,30,23.3,13,16,81.3,6,47,53,27,9,5,21,26
SAS,W,239,117,42,76,55.3,10,17,58.8,23,30,76.7,8,36,44,18,6,3,13,20
HOU,W,239,105,36,75,48,12,39,30.8,21,24,87.5,7,33,40,22,11,13,19,13
CHA,W,240,110,38,81,46.9,13,31,41.9,21,26,80.8,10,40,50,17,5,5,14,16
DET,W,242,122,48,92,52.2,15,34,44.1,11,17,64.7,12,35,47,32,7,3,14,22
BKN,W,241,112,40,93,43,17,46,37,15,21,71.4,10,28,38,22,11,3,12,22
OKC,W,241,114,43,89,48.3,10,27,37,18,26,69.2,16,33,49,26,8,8,20,27
DAL,W,239,103,36,74,48.6,11,26,42.3,20,29,69,4,31,35,20,6,4,11,20
ORL,W,241,125,41,83,49.4,8,23,34.8,35,40,87.5,6,38,44,20,8,5,11,23
POR,W,240,103,33,88,37.5,10,29,34.5,27,33,81.8,18,45,63,17,7,7,18,22
CLE,W,240,119,43,83,51.8,16,38,42.1,17,22,77.3,8,31,39,28,5,3,9,14
LAC,W,240,102,39,83,47,10,29,34.5,14,21,66.7,11,33,44,21,12,4,13,16
BOS,W,241,110,37,75,49.3,14,29,48.3,22,27,81.5,5,36,41,26,11,7,12,24
IND,W,238,130,56,84,66.7,10,22,45.5,8,11,72.7,8,34,42,31,8,2,17,21
PHI,W,242,97,35,75,46.7,9,24,37.5,18,24,75,8,41,49,25,11,0,21,24
WAS,W,241,109,37,84,44,9,30,30,26,28,92.9,10,28,38,24,13,3,15,24
MEM,W,240,98,29,68,42.6,6,19,31.6,34,37,91.9,3,35,38,16,4,2,12,21
MIA,W,241,104,39,85,45.9,14,37,37.8,12,18,66.7,10,31,41,21,12,6,19,19
MIL,W,241,103,40,85,47.1,9,26,34.6,14,16,87.5,5,37,42,24,8,4,13,27
GSW,W,240,133,48,86,55.8,15,39,38.5,22,26,84.6,10,40,50,33,6,8,16,23
PHX,W,240,117,42,77,54.5,10,30,33.3,23,27,85.2,6,39,45,20,6,5,20,25
SAS,W,239,101,40,90,44.4,5,20,25,16,23,69.6,18,37,55,19,4,12,20,22
MIN,W,240,115,43,86,50,10,25,40,19,23,82.6,10,35,45,25,5,1,17,17
BKN,W,240,116,41,87,47.1,11,27,40.7,23,34,67.6,13,38,51,27,12,8,18,27
NOP,W,240,119,47,83,56.6,10,32,31.3,15,21,71.4,6,36,42,26,14,5,18,20
LAC,W,241,130,48,88,54.5,12,26,46.2,22,30,73.3,10,42,52,26,12,2,12,32
HOU,W,239,107,39,82,47.6,11,47,23.4,18,22,81.8,8,46,54,17,12,4,13,24
ORL,W,238,114,40,90,44.4,17,35,48.6,17,20,85,12,38,50,28,7,6,12,28
DEN,W,240,96,37,85,43.5,10,30,33.3,12,20,60,18,40,58,25,7,2,16,19
DET,W,239,111,44,91,48.4,9,30,30,14,15,93.3,15,28,43,21,5,2,12,25
SAS,W,241,87,38,93,40.9,1,12,8.3,10,16,62.5,14,38,52,25,8,3,11,14
UTA,W,241,96,38,77,49.4,9,29,31,11,14,78.6,7,34,41,22,11,4,18,21
MEM,W,240,111,36,77,46.8,10,27,37,29,37,78.4,6,34,40,20,8,4,14,25
MIA,W,240,112,45,87,51.7,14,34,41.2,8,14,57.1,6,39,45,24,6,11,14,19
TOR,W,239,128,42,89,47.2,13,44,29.5,31,37,83.8,8,43,51,23,5,10,13,29
MIL,W,239,113,42,80,52.5,7,18,38.9,22,30,73.3,7,28,35,22,9,8,14,23
CHA,W,240,109,37,86,43,11,36,30.6,24,30,80,12,45,57,17,5,4,21,18
SAC,W,238,93,37,87,42.5,10,23,43.5,9,13,69.2,16,41,57,20,8,3,14,18
CLE,W,239,116,44,81,54.3,11,26,42.3,17,17,100,9,35,44,25,8,3,17,11
MIN,W,240,100,36,81,44.4,7,22,31.8,21,26,80.8,10,34,44,17,11,2,15,17
LAL,W,239,132,48,93,51.6,12,26,46.2,24,33,72.7,5,37,42,22,8,3,18,31
BKN,W,241,126,46,92,50,9,27,33.3,25,35,71.4,15,33,48,22,13,6,18,17
GSW,W,241,128,47,92,51.1,18,41,43.9,16,20,80,10,39,49,29,6,8,18,23
POR,W,240,114,46,95,48.4,9,19,47.4,13,17,76.5,11,40,51,19,5,6,9,26
WAS,W,241,115,40,75,53.3,6,17,35.3,29,35,82.9,7,30,37,25,12,7,16,18
BOS,W,240,102,35,84,41.7,10,29,34.5,22,32,68.8,14,41,55,16,4,5,19,24
TOR,W,240,117,39,83,47,13,29,44.8,26,28,92.9,13,36,49,26,10,4,17,19
LAC,W,239,108,42,107,39.3,12,33,36.4,12,13,92.3,17,42,59,23,12,3,14,20
OKC,W,242,105,39,90,43.3,11,38,28.9,16,22,72.7,13,28,41,26,14,7,18,22
UTA,W,241,106,41,81,50.6,9,24,37.5,15,16,93.8,6,30,36,28,9,5,15,18
SAS,W,240,107,41,89,46.1,8,21,38.1,17,19,89.5,12,38,50,22,8,11,11,18
POR,W,242,124,44,90,48.9,14,24,58.3,22,28,78.6,15,42,57,22,8,7,16,20
MEM,W,240,103,39,92,42.4,9,29,31,16,28,57.1,15,30,45,19,9,8,11,29
HOU,W,240,105,33,83,39.8,12,45,26.7,27,29,93.1,12,32,44,19,7,3,14,14
ATL,W,241,117,48,94,51.1,9,18,50,12,15,80,14,36,50,20,11,6,13,18
ORL,W,240,116,43,90,47.8,8,21,38.1,22,29,75.9,11,39,50,22,8,9,14,18
WAS,W,240,120,42,97,43.3,6,22,27.3,30,38,78.9,16,36,52,21,8,10,9,20
MIL,W,238,108,38,76,50,7,21,33.3,25,30,83.3,6,39,45,19,6,4,15,22
DET,W,239,102,41,96,42.7,9,26,34.6,11,12,91.7,9,38,47,24,14,3,8,21
IND,W,240,140,53,102,52,9,34,26.5,25,32,78.1,14,33,47,29,12,9,14,25
CLE,W,239,102,38,83,45.8,5,22,22.7,21,25,84,9,41,50,19,3,4,17,25
HOU,W,239,122,47,97,48.5,15,41,36.6,13,19,68.4,10,33,43,28,9,5,12,16
